source_id,source_type,source_url,published_at,author,title,content,clean_content,topic_tag,argument_id,confidence
podcast_rss-bec95ca40d,podcast,https://player.soundon.fm/p/954689a5-3096-43a4-a80b-7810b219cef3/episodes/2d7b77d8-c828-43f9-b835-5a1a72aa2e38,2026-07-04T15:45:37+08:00,股癌,EP676 | 🐬,"EP676 | 🐬 他有很多有錢的客人 股市投報率持續上漲🚀 但你有幫你的健康狀態做投資配置嗎？每天穿梭在工作和家庭之間，你的精神狀態還能撐得住嗎？想要活力充沛、擁有完勝別人的好氣色，記得平常就要靠 #善存綜合維他命！幫你抗氧化💯 就像切開的蘋果變黃變老，呼吸、熬夜、壓力等等都會讓身體持續氧化😵‍💫 除了投資要做資產配置，想維持健康狀態也要有專業的善存來幫你💪 ✅ 一天一錠輕鬆補充22種人體必需的營養素 ✅ 含維生素 C、E、鋅、硒等關鍵抗氧化營養 + ✅ 善存70年營養科學佐證，愛用者親身感受 ^^ 更針對性別、年齡設計專屬配方，給你6大年輕狀態 *： 好活力💪 好氣色🌟 思緒清晰💡 好代謝💫 好入睡💤 保護健康🤩 每天輕鬆補充 #善存綜合維他命 幫你打好「抗老」的基本面✨ 抗氧化靠善存 讓你年輕狀態開紅盤！ 也別忘了照顧長輩送禮首選「銀寶善存」，守護全家人的健康🥰 股癌聽眾一定要「長期持有」的最佳投資選擇！ 把握獨家超殺優惠！現折$150再送葉黃素精華凍! 抄底買起來🔥 🛒 男女善存 https://reurl.cc/qp7y9p 🛒 銀寶男女 https://reurl.cc/A9VxGE ---------------- 維生素 C、E 具抗氧化作用、鋅有助於抗氧化、硒有助於抵抗氧化壓力 青春美麗、增強體力、幫助入睡、促進新陳代謝、維生素B1有助神經系統正常功能、精神旺盛 ^^ 根據 IQVIA Solutions Asia Pte. Ltd. 於2024年3月之調查，400位食用善存綜合維他命之受試者中，93%針對""使用善存綜合維他命，讓我維持好精神/好氣色/好體力/好入睡/思緒清晰/代謝好"" 至少其中一項給予同意或完全同意之評分 ✦此篇文章由善存品牌贊助。對於善存產品有任何疑問，請撥打消費者免費專線 0800-212-259。【PM-TW-CNT-24-00167】 股癌傳送門： https://linktr.ee/gooaye -- Hosting provided by SoundOn","EP676 | 🐬 他有很多有錢的客人 股市投報率持續上漲🚀 但你有幫你的健康狀態做投資配置嗎？每天穿梭在工作和家庭之間，你的精神狀態還能撐得住嗎？想要活力充沛、擁有完勝別人的好氣色，記得平常就要靠 #善存綜合維他命！幫你抗氧化💯 就像切開的蘋果變黃變老，呼吸、熬夜、壓力等等都會讓身體持續氧化😵‍💫 除了投資要做資產配置，想維持健康狀態也要有專業的善存來幫你💪 ✅ 一天一錠輕鬆補充22種人體必需的營養素 ✅ 含維生素 C、E、鋅、硒等關鍵抗氧化營養 + ✅ 善存70年營養科學佐證，愛用者親身感受 ^^ 更針對性別、年齡設計專屬配方，給你6大年輕狀態 *： 好活力💪 好氣色🌟 思緒清晰💡 好代謝💫 好入睡💤 保護健康🤩 每天輕鬆補充 #善存綜合維他命 幫你打好「抗老」的基本面✨ 抗氧化靠善存 讓你年輕狀態開紅盤！ 也別忘了照顧長輩送禮首選「銀寶善存」，守護全家人的健康🥰 股癌聽眾一定要「長期持有」的最佳投資選擇！ 把握獨家超殺優惠！現折$150再送葉黃素精華凍! 抄底買起來🔥 🛒 男女善存 https://reurl.cc/qp7y9p 🛒 銀寶男女 https://reurl.cc/A9VxGE ---------------- 維生素 C、E 具抗氧化作用、鋅有助於抗氧化、硒有助於抵抗氧化壓力 青春美麗、增強體力、幫助入睡、促進新陳代謝、維生素B1有助神經系統正常功能、精神旺盛 ^^ 根據 IQVIA Solutions Asia Pte. Ltd. 於2024年3月之調查，400位食用善存綜合維他命之受試者中，93%針對""使用善存綜合維他命，讓我維持好精神/好氣色/好體力/好入睡/思緒清晰/代謝好"" 至少其中一項給予同意或完全同意之評分 ✦此篇文章由善存品牌贊助。對於善存產品有任何疑問，請撥打消費者免費專線 0800-212-259。【PM-TW-CNT-24-00167】 股癌傳送門： https://linktr.ee/gooaye -- Hosting provided by SoundOn",other,other-419cd8e4b2,rule
podcast_rss-1d5ab050b5,podcast,https://player.soundon.fm/p/954689a5-3096-43a4-a80b-7810b219cef3/episodes/31e6121a-9d45-4204-aac1-f3a2cd7cd5fe,2026-07-01T15:59:09+08:00,股癌,EP675 | 🎢,EP675 | 🎢 突然想到上集有人許願要我放雲霄飛車我忘了 本集節目由【綠藤生機】贊助 每天早上 8:59 大盤都還沒開，各位情緒已經先開盤，手指放在下單鍵前先踩個煞車，你到底是照計畫走，還是被行情推著走？ 最該管理的不是部位，是自己。人到一個年紀乾淨感很重要，不要整個人看起來、聞起來，都像剛被大盤狠狠修理過。老朋友【綠藤生機】全系列 2 件 88 折，幫你從大腦降噪到面子基本面一次穩住： 🌿 auscentic 呼吸精萃：舒服乾淨的草木清香，抹在手腕。白天給大腦 1 分鐘降噪，轉換成冷靜的獵人；盤後用來切換放鬆，收掉垃圾節奏。 🧼 頭皮淨化蜂膠洗髮精：內含黃檸檬與頂級綠蜂膠，頭皮味、油、癢一支解決。持股可以很重，頭皮真的不要又油又重。 🍳 彈力修護荷包蛋組：精華液加精華油，直接在手掌心像荷包蛋一樣喇一喇塗臉，一步驟搞定。吸收快、完全不黏，穩住面子的基本面，不管市場怎麼震都老神在在。 👉 主委聽眾全系列 2 件 88 折（滿額再送頭皮淨化蜂膠洗髮精15ml/綠色海洋精華油5ml）： https://s.add.one/99myvj （把自己理乾淨，也帶一組送老婆，Happy wife happy family。） ⚠️ 品牌限定優惠，請使用 Fb、Line、手機號碼登入才看得到專屬優惠價！ 股癌傳送門：https://linktr.ee/gooaye -- Hosting provided by SoundOn,EP675 | 🎢 突然想到上集有人許願要我放雲霄飛車我忘了 本集節目由【綠藤生機】贊助 每天早上 8:59 大盤都還沒開，各位情緒已經先開盤，手指放在下單鍵前先踩個煞車，你到底是照計畫走，還是被行情推著走？ 最該管理的不是部位，是自己。人到一個年紀乾淨感很重要，不要整個人看起來、聞起來，都像剛被大盤狠狠修理過。老朋友【綠藤生機】全系列 2 件 88 折，幫你從大腦降噪到面子基本面一次穩住： 🌿 auscentic 呼吸精萃：舒服乾淨的草木清香，抹在手腕。白天給大腦 1 分鐘降噪，轉換成冷靜的獵人；盤後用來切換放鬆，收掉垃圾節奏。 🧼 頭皮淨化蜂膠洗髮精：內含黃檸檬與頂級綠蜂膠，頭皮味、油、癢一支解決。持股可以很重，頭皮真的不要又油又重。 🍳 彈力修護荷包蛋組：精華液加精華油，直接在手掌心像荷包蛋一樣喇一喇塗臉，一步驟搞定。吸收快、完全不黏，穩住面子的基本面，不管市場怎麼震都老神在在。 👉 主委聽眾全系列 2 件 88 折（滿額再送頭皮淨化蜂膠洗髮精15ml/綠色海洋精華油5ml）： https://s.add.one/99myvj （把自己理乾淨，也帶一組送老婆，Happy wife happy family。） ⚠️ 品牌限定優惠，請使用 Fb、Line、手機號碼登入才看得到專屬優惠價！ 股癌傳送門：https://linktr.ee/gooaye -- Hosting provided by SoundOn,risk_control,risk_control-f642a27ebc,rule
podcast_rss-23ec6a18a1,podcast,https://player.soundon.fm/p/954689a5-3096-43a4-a80b-7810b219cef3/episodes/1b5e1964-2bc3-4634-80c6-228c02e87474,2026-06-27T15:23:35+08:00,股癌,EP674 | 🦋,"EP674 | 🦋 小光：你會老我會大 電動車開久了就知道， 充電站好找、站點夠多， 有時候比剩幾趴還重要。 本集節目由【EVOASIS】贊助 《股癌》聽眾專屬優惠 現在輸入推薦代碼【EVO股癌1000】 享 EVOASIS 家用充電樁現折 $1,000 活動6/29 星期一15:00 開始 全台最大充電網 公共快充／慢充／家用充電／跨品牌漫遊 想看最新站點、充電費率與活動資訊 📱直接下載 EVOASIS App 查詢 https://evoasis.co/appdownload 以上為品牌合作資訊 股癌傳送門：https://linktr.ee/gooaye -- Hosting provided by SoundOn","EP674 | 🦋 小光：你會老我會大 電動車開久了就知道， 充電站好找、站點夠多， 有時候比剩幾趴還重要。 本集節目由【EVOASIS】贊助 《股癌》聽眾專屬優惠 現在輸入推薦代碼【EVO股癌1000】 享 EVOASIS 家用充電樁現折 $1,000 活動6/29 星期一15:00 開始 全台最大充電網 公共快充／慢充／家用充電／跨品牌漫遊 想看最新站點、充電費率與活動資訊 📱直接下載 EVOASIS App 查詢 https://evoasis.co/appdownload 以上為品牌合作資訊 股癌傳送門：https://linktr.ee/gooaye -- Hosting provided by SoundOn",other,other-b1d2114fba,rule
podcast_rss-c0afd6bd2a,podcast,https://player.soundon.fm/p/954689a5-3096-43a4-a80b-7810b219cef3/episodes/df09166b-22a7-4cc7-8610-ab2f6f812e92,2026-06-24T16:09:45+08:00,股癌,EP673 | 🥬,EP673 | 🥬 韓國人真的很會玩 本集節目由【雨傘王】贊助 《股癌》聽眾專屬優惠 現在搜尋 👉 https://umbrellaking.cc/Gooaye 或結帳時輸入推薦代碼 【gooaye】 享有雨傘王全館限定商品 89 折優惠 消費滿 $999 再享超商取貨免運 股癌傳送門： https://linktr.ee/gooaye -- Hosting provided by SoundOn,EP673 | 🥬 韓國人真的很會玩 本集節目由【雨傘王】贊助 《股癌》聽眾專屬優惠 現在搜尋 👉 https://umbrellaking.cc/Gooaye 或結帳時輸入推薦代碼 【gooaye】 享有雨傘王全館限定商品 89 折優惠 消費滿 $999 再享超商取貨免運 股癌傳送門： https://linktr.ee/gooaye -- Hosting provided by SoundOn,other,other-f45d6695aa,rule
podcast_rss-e4fd6eeef1,podcast,https://player.soundon.fm/p/954689a5-3096-43a4-a80b-7810b219cef3/episodes/99c7ad0e-d899-4a9a-9450-749b5053dbff,2026-06-20T13:40:47+08:00,股癌,EP672 | 🐣,EP672 | 🐣 又新高拉 本集節目由【NordVPN】贊助 現在搜尋 https://nordvpn.com/gooaye 或結帳時輸入股癌的專屬優惠碼【gooaye】 購買2年方案＋送四個月一個月只要一杯咖啡的價格就能取得VPN服務還有30天試用期， 不滿意可隨時取消 #NordVPN 股癌傳送門：https://linktr.ee/gooaye -- Hosting provided by SoundOn,EP672 | 🐣 又新高拉 本集節目由【NordVPN】贊助 現在搜尋 https://nordvpn.com/gooaye 或結帳時輸入股癌的專屬優惠碼【gooaye】 購買2年方案＋送四個月一個月只要一杯咖啡的價格就能取得VPN服務還有30天試用期， 不滿意可隨時取消 #NordVPN 股癌傳送門：https://linktr.ee/gooaye -- Hosting provided by SoundOn,other,other-a2b76ac47f,rule
podcast_rss-8942ccb120,podcast,https://player.soundon.fm/p/954689a5-3096-43a4-a80b-7810b219cef3/episodes/4f8d2d01-0119-4349-b970-5077910a3362,2026-06-17T14:29:22+08:00,股癌,EP671 | 🌼,EP671 | 🌼 不可能一關再關吧 【TAIZAKU火星生技 武倍對策、武倍對策Gold】 💪 日本專利BNN蕉護活性添加 ⚡ 傳說中日本男優的秘密武器，讓男人強還要更強 《股癌》聽眾專屬優惠👉 https://tzk.one/googye06 不懂怎麼選沒差，看交易量跟著市場共識走就對了。 武倍對策熱銷破億，等於完全被市場驗證過。這種標的，直接抄作業最穩。 投資不會單押一檔，補給也不能只靠一種成分。 武倍對策靠著跟護國神山一樣強的日本專利BNN蕉護活性，搭配複方配置， 精神旺盛、即戰力直接拉升。這才是真正的底氣。 要頂配選武倍對策Gold，BNN蕉護活性5x5倍強化，龍皇蟲草打底升級。 給你五倍體力、五倍魅力、五倍戰鬥力💪 武倍對策【強要更強，戰力保健】 🔝5倍強化*｜提升霸氣．百戰極品 **詳情請至官網查看 🔝日本專利成分｜男人的秘密聖物，就像護國神山一樣 🔝10種核心複方｜全面補充霸氣元素 🔝營養師楊灼華｜專業指名推薦 【武倍對策GOLD】頂級男性保健，熱銷破億的秘密 💪 ✅ 頂規版配方 - 龍皇蟲草含更高濃度的蟲草素、蟲草多醣和SOD，從氣血、精力、耐力三方面強化體質 ✅ 日本專利BNN蕉護活性 - 5倍強化，即刻有感 **詳情請至官網查看 ✅ 10種核心複方 - 南非醉茄、專利葫蘆巴、透納葉、黃金蜆精…比馬卡更有感 ✅ 全方位戰力提升 - 打造持久穩定的巔峰狀態 有感才敢保證，15天不滿意就可以無條件退費 🎁【618活動】火星生技618檔期，限時從6/11~6/21 武倍對策買五送一 ❤️‍🔥 武倍對策GOLD六贈一，現省至少 4800 元 再送決醒B群一盒（限量 100 份） 下單還能抽 iPad Air、MacBook、Mac mini 這種事跟進場一樣，再等就是錯過 👉 https://tzk.one/googye06 股癌傳送門：https://linktr.ee/gooaye -- Hosting provided by SoundOn,EP671 | 🌼 不可能一關再關吧 【TAIZAKU火星生技 武倍對策、武倍對策Gold】 💪 日本專利BNN蕉護活性添加 ⚡ 傳說中日本男優的秘密武器，讓男人強還要更強 《股癌》聽眾專屬優惠👉 https://tzk.one/googye06 不懂怎麼選沒差，看交易量跟著市場共識走就對了。 武倍對策熱銷破億，等於完全被市場驗證過。這種標的，直接抄作業最穩。 投資不會單押一檔，補給也不能只靠一種成分。 武倍對策靠著跟護國神山一樣強的日本專利BNN蕉護活性，搭配複方配置， 精神旺盛、即戰力直接拉升。這才是真正的底氣。 要頂配選武倍對策Gold，BNN蕉護活性5x5倍強化，龍皇蟲草打底升級。 給你五倍體力、五倍魅力、五倍戰鬥力💪 武倍對策【強要更強，戰力保健】 🔝5倍強化*｜提升霸氣．百戰極品 **詳情請至官網查看 🔝日本專利成分｜男人的秘密聖物，就像護國神山一樣 🔝10種核心複方｜全面補充霸氣元素 🔝營養師楊灼華｜專業指名推薦 【武倍對策GOLD】頂級男性保健，熱銷破億的秘密 💪 ✅ 頂規版配方 - 龍皇蟲草含更高濃度的蟲草素、蟲草多醣和SOD，從氣血、精力、耐力三方面強化體質 ✅ 日本專利BNN蕉護活性 - 5倍強化，即刻有感 **詳情請至官網查看 ✅ 10種核心複方 - 南非醉茄、專利葫蘆巴、透納葉、黃金蜆精…比馬卡更有感 ✅ 全方位戰力提升 - 打造持久穩定的巔峰狀態 有感才敢保證，15天不滿意就可以無條件退費 🎁【618活動】火星生技618檔期，限時從6/11~6/21 武倍對策買五送一 ❤️‍🔥 武倍對策GOLD六贈一，現省至少 4800 元 再送決醒B群一盒（限量 100 份） 下單還能抽 iPad Air、MacBook、Mac mini 這種事跟進場一樣，再等就是錯過 👉 https://tzk.one/googye06 股癌傳送門：https://linktr.ee/gooaye -- Hosting provided by SoundOn,semiconductor,semiconductor-ce4c0c4a48,rule
podcast_rss-abb2ec5c8a,podcast,https://player.soundon.fm/p/954689a5-3096-43a4-a80b-7810b219cef3/episodes/685bc211-b7dc-478b-9463-53a160c20cdf,2026-06-13T15:07:21+08:00,股癌,EP670 | 🫡,EP670 | 🫡 Dario 哥求仁得仁 本集節目由【Roichen】贊助播出 https://s.add.one/5edf3u 最近市場真的很刺激，前面 AI 熱到不行，結果台指期夜盤一度殺到跌停水準，最後大跌三千多點，本來只是滑一下美股，結果打開報價，台指期先瘦一大圈，我的心也跟著瘦瘦的。 投資就是這樣，漲多了部位會變胖，跌下來部位又會變瘦，重點不是胖瘦，知道哪些部位該保留，哪些部位該挪動。選坐墊也是一樣，身形、臀部、坐感偏好都不同，當然不能使用通用尺寸坐墊。 【Roichen 正脊坐墊】累積銷售超過 20 萬張，也是市售唯一依照不同體型需求設計的正脊坐墊。經典款提供男女不同體型 2 種尺寸，現在新增【正脊坐墊 EX】，專門給身形高大、臀部比較有肉，或單純不喜歡坐得太緊、偏好寬鬆坐感的人。 正脊坐墊 EX 完整保留支撐設計，幫助維持穩定坐姿，同時加寬 30mm、軟墊加厚 7mm、椅深增加 15mm。坐起來最直接的差別，就是大腿兩側包覆感降低，臀部空間更寬鬆，不會一坐下去，就像喝到一支還沒醒開的紅酒，第一秒就覺得人生有點困難。 投資不能凹單，久坐也不能委屈，所以如果你身形比較高大、臀部比較有肉，或原本就喜歡正脊坐墊的支撐，但希望坐起來再寬鬆一點，可以去看一下【Roichen 正脊坐墊 EX】。 資訊欄點下去，登入享主委專屬 52 折起。選一張真正符合自己體型的正脊坐墊，讓你品酒、看盤、上班的時候，至少屁股跟骨盆都有基本面支撐。 (品牌限定優惠，請使用 Fb、Line、手機號碼 登入，即可看到專屬優惠價) 股癌傳送門： https://linktr.ee/gooaye -- Hosting provided by SoundOn,EP670 | 🫡 Dario 哥求仁得仁 本集節目由【Roichen】贊助播出 https://s.add.one/5edf3u 最近市場真的很刺激，前面 AI 熱到不行，結果台指期夜盤一度殺到跌停水準，最後大跌三千多點，本來只是滑一下美股，結果打開報價，台指期先瘦一大圈，我的心也跟著瘦瘦的。 投資就是這樣，漲多了部位會變胖，跌下來部位又會變瘦，重點不是胖瘦，知道哪些部位該保留，哪些部位該挪動。選坐墊也是一樣，身形、臀部、坐感偏好都不同，當然不能使用通用尺寸坐墊。 【Roichen 正脊坐墊】累積銷售超過 20 萬張，也是市售唯一依照不同體型需求設計的正脊坐墊。經典款提供男女不同體型 2 種尺寸，現在新增【正脊坐墊 EX】，專門給身形高大、臀部比較有肉，或單純不喜歡坐得太緊、偏好寬鬆坐感的人。 正脊坐墊 EX 完整保留支撐設計，幫助維持穩定坐姿，同時加寬 30mm、軟墊加厚 7mm、椅深增加 15mm。坐起來最直接的差別，就是大腿兩側包覆感降低，臀部空間更寬鬆，不會一坐下去，就像喝到一支還沒醒開的紅酒，第一秒就覺得人生有點困難。 投資不能凹單，久坐也不能委屈，所以如果你身形比較高大、臀部比較有肉，或原本就喜歡正脊坐墊的支撐，但希望坐起來再寬鬆一點，可以去看一下【Roichen 正脊坐墊 EX】。 資訊欄點下去，登入享主委專屬 52 折起。選一張真正符合自己體型的正脊坐墊，讓你品酒、看盤、上班的時候，至少屁股跟骨盆都有基本面支撐。 (品牌限定優惠，請使用 Fb、Line、手機號碼 登入，即可看到專屬優惠價) 股癌傳送門： https://linktr.ee/gooaye -- Hosting provided by SoundOn,risk_control,risk_control-6ded52425c,rule
podcast_rss-a68fed581e,podcast,https://player.soundon.fm/p/954689a5-3096-43a4-a80b-7810b219cef3/episodes/f208d558-a3a0-4812-a19a-777c69ac31bf,2026-06-10T15:37:19+08:00,股癌,EP669 | 🎈,EP669 | 🎈 這片汪洋，還要考驗我們到什麼時候 Dr.情趣 獨家販售【 奧創未來智慧擬態飛機杯 】 全球首創 AI智能瑟瑟夥伴登場🔥 內建10種擬態模式、獨家影片100%即時同步技術 她怎麼動，它就怎麼震！再搭配VR，一秒進入拍片現場！ 4K沉浸式爽感、臨場爆棚！甚至還能自訂程式律動，自己的高潮、自己造！ ⚠️ 科技再頂，潤滑也要頂 ⚠️ 玩這種高端神物絕對不能乾磨 下單再加碼送【 Dr.情趣 高級水性潤滑液 】 🔸 MIT台灣製，品質安心 🔸 溫和滋潤，大幅提升使用舒適度 🔸 無色無味、水性基底好洗不殘留 🔸 用於玩具、人與人之間的連結都超完美 輸入折扣碼【 GOOAYE666 】現折 $300 快用新台幣下架這台AI黑科技吧！ 黑科技傳送門： https://drqqtoys.tw/H5dDX 股癌傳送門：https://linktr.ee/gooaye -- Hosting provided by SoundOn,EP669 | 🎈 這片汪洋，還要考驗我們到什麼時候 Dr.情趣 獨家販售【 奧創未來智慧擬態飛機杯 】 全球首創 AI智能瑟瑟夥伴登場🔥 內建10種擬態模式、獨家影片100%即時同步技術 她怎麼動，它就怎麼震！再搭配VR，一秒進入拍片現場！ 4K沉浸式爽感、臨場爆棚！甚至還能自訂程式律動，自己的高潮、自己造！ ⚠️ 科技再頂，潤滑也要頂 ⚠️ 玩這種高端神物絕對不能乾磨 下單再加碼送【 Dr.情趣 高級水性潤滑液 】 🔸 MIT台灣製，品質安心 🔸 溫和滋潤，大幅提升使用舒適度 🔸 無色無味、水性基底好洗不殘留 🔸 用於玩具、人與人之間的連結都超完美 輸入折扣碼【 GOOAYE666 】現折 $300 快用新台幣下架這台AI黑科技吧！ 黑科技傳送門： https://drqqtoys.tw/H5dDX 股癌傳送門：https://linktr.ee/gooaye -- Hosting provided by SoundOn,semiconductor,semiconductor-99ccec4679,rule
podcast_rss-b9a84ca352,podcast,https://player.soundon.fm/p/954689a5-3096-43a4-a80b-7810b219cef3/episodes/6d6095d8-112b-4c7f-abb3-8b670f092b2e,2026-06-06T16:12:15+08:00,股癌,EP668 | 🦞,EP668 | 🦞 賈偷島 現在只要下載 Saily APP， 在結帳時輸入優惠代碼 [gooaye]， 或透過資訊欄專屬連結： https://saily.com/gooaye 購買方案即享有 85 折的專屬優惠。 #SailyeSIM 股癌傳送門： https://linktr.ee/gooaye -- Hosting provided by SoundOn,EP668 | 🦞 賈偷島 現在只要下載 Saily APP， 在結帳時輸入優惠代碼 [gooaye]， 或透過資訊欄專屬連結： https://saily.com/gooaye 購買方案即享有 85 折的專屬優惠。 #SailyeSIM 股癌傳送門： https://linktr.ee/gooaye -- Hosting provided by SoundOn,other,other-658e72774e,rule
podcast_rss-157f5c05c0,podcast,https://player.soundon.fm/p/954689a5-3096-43a4-a80b-7810b219cef3/episodes/8c2cb9ef-82a5-46ec-bd46-1e213017a353,2026-06-03T15:34:50+08:00,股癌,EP667 | 🌍,EP667 | 🌍 這兩天開始品到…土味 本集節目由【NordVPN】贊助 現在搜尋 https://nordvpn.com/gooaye 或結帳時輸入股癌的專屬優惠碼【gooaye】 購買2年方案＋送四個月一個月只要一杯咖啡的價格就能取得VPN服務還有30天試用期， 不滿意可隨時取消 #NordVPN 股癌傳送門： https://linktr.ee/gooaye -- Hosting provided by SoundOn,EP667 | 🌍 這兩天開始品到…土味 本集節目由【NordVPN】贊助 現在搜尋 https://nordvpn.com/gooaye 或結帳時輸入股癌的專屬優惠碼【gooaye】 購買2年方案＋送四個月一個月只要一杯咖啡的價格就能取得VPN服務還有30天試用期， 不滿意可隨時取消 #NordVPN 股癌傳送門： https://linktr.ee/gooaye -- Hosting provided by SoundOn,other,other-e6a060a81b,rule
podcast_rss-f4b0182931,podcast,https://player.soundon.fm/p/954689a5-3096-43a4-a80b-7810b219cef3/episodes/fd5d4766-183d-4ed9-8d68-958c50d8e730,2026-05-30T13:57:43+08:00,股癌,EP666 | 🍐,"EP666 | 🍐 誰敢說他們老 本集節目由【植村秀】贊助 想要在顏值這塊穩定獲利？ 需要植村秀開光好運明星商品，助你避開暗沉、穩住盤勢，讓顏值一路漲停！ #開光小紅噴🔥 一噴開光鎖妝 整天都有精緻紅潤光澤 #超快充亮顏乳🔥注入維他命CE精華 清爽高防曬 自然提亮好氣色 #酒粕白油🔥全膚質適用 舒緩卸淨 修護穩膚更透亮 5/30-6/4股癌限定開運紅盤組優惠64折 限量100組！ 如果自己用不到，但想買給老婆、媽媽、岳母、女友 直接幫你組好一整套，完全不出錯，還會覺得你很有sense 植村秀各大百貨櫃點、官網及Momo官方也有同款限量組合，到櫃上記得說要看股癌分享的那組 專屬賣場傳送門👉🏻 https://pse.is/94pjrb 🎁股癌限定優惠： 股癌專屬賣場 全場9折起 精選開光組合64折起 滿$4,500 贈手拿發光鏡 滿$7,000 贈柚子潔顏乳正貨(價值$1,580) 股癌傳送門： https://linktr.ee/gooaye -- Hosting provided by SoundOn","EP666 | 🍐 誰敢說他們老 本集節目由【植村秀】贊助 想要在顏值這塊穩定獲利？ 需要植村秀開光好運明星商品，助你避開暗沉、穩住盤勢，讓顏值一路漲停！ #開光小紅噴🔥 一噴開光鎖妝 整天都有精緻紅潤光澤 #超快充亮顏乳🔥注入維他命CE精華 清爽高防曬 自然提亮好氣色 #酒粕白油🔥全膚質適用 舒緩卸淨 修護穩膚更透亮 5/30-6/4股癌限定開運紅盤組優惠64折 限量100組！ 如果自己用不到，但想買給老婆、媽媽、岳母、女友 直接幫你組好一整套，完全不出錯，還會覺得你很有sense 植村秀各大百貨櫃點、官網及Momo官方也有同款限量組合，到櫃上記得說要看股癌分享的那組 專屬賣場傳送門👉🏻 https://pse.is/94pjrb 🎁股癌限定優惠： 股癌專屬賣場 全場9折起 精選開光組合64折起 滿$4,500 贈手拿發光鏡 滿$7,000 贈柚子潔顏乳正貨(價值$1,580) 股癌傳送門： https://linktr.ee/gooaye -- Hosting provided by SoundOn",sentiment,sentiment-fb1136513f,rule
podcast_rss-aec68a24a0,podcast,https://player.soundon.fm/p/954689a5-3096-43a4-a80b-7810b219cef3/episodes/181f554e-900e-4261-bc3c-1a3fe53a902a,2026-05-27T15:25:44+08:00,股癌,EP665 | 🌸,EP665 | 🌸 整組做壞掉了 做好有神保養，精準投資，不再股海茫茫！ 善存葉黃素，3週看見不同+! 好吸收* 高17%** 5/27-6/2股癌獨家Momo限時優惠! 👍善存葉黃素液態軟膠囊2入組直接打85折，主委再加碼送【善存維他命C 30錠】乙瓶！ 👉 https://reurl.cc/gr19jQ ⭐新品善存葉黃素精華凍2入組現折$400，現在不進場真的虧大了啊~ 👉 https://reurl.cc/Z2vD3a 這麼好康！立馬手刀買進！ +係指善存葉黃素液態軟膠囊，葉黃素原料經科學研究發現， 葉黃素濃度改變可在第21天看出顯著差異 *指葉黃素吸收程度上差異。游離型葉黃素不須經水解步驟即被人體吸收。 **游離型與酯化型葉黃素在食用28天後，曲線下面積游離型比酯化型高17%。 ***依據人體實驗研究，連續補充葉黃素42天後，葉黃素濃度可達使用前的10倍。 本文與善存葉黃素合作 股癌傳送門：https://linktr.ee/gooaye -- Hosting provided by SoundOn,EP665 | 🌸 整組做壞掉了 做好有神保養，精準投資，不再股海茫茫！ 善存葉黃素，3週看見不同+! 好吸收* 高17%** 5/27-6/2股癌獨家Momo限時優惠! 👍善存葉黃素液態軟膠囊2入組直接打85折，主委再加碼送【善存維他命C 30錠】乙瓶！ 👉 https://reurl.cc/gr19jQ ⭐新品善存葉黃素精華凍2入組現折$400，現在不進場真的虧大了啊~ 👉 https://reurl.cc/Z2vD3a 這麼好康！立馬手刀買進！ +係指善存葉黃素液態軟膠囊，葉黃素原料經科學研究發現， 葉黃素濃度改變可在第21天看出顯著差異 *指葉黃素吸收程度上差異。游離型葉黃素不須經水解步驟即被人體吸收。 **游離型與酯化型葉黃素在食用28天後，曲線下面積游離型比酯化型高17%。 ***依據人體實驗研究，連續補充葉黃素42天後，葉黃素濃度可達使用前的10倍。 本文與善存葉黃素合作 股癌傳送門：https://linktr.ee/gooaye -- Hosting provided by SoundOn,other,other-78f24d198c,rule
podcast_rss-3e2848458e,podcast,https://player.soundon.fm/p/954689a5-3096-43a4-a80b-7810b219cef3/episodes/7d6d137a-d8b8-40b4-ad00-a7426407c729,2026-05-23T15:59:15+08:00,股癌,EP664 | 🐟,EP664 | 🐟 差一點捏破 《企業財稅必修課》 #專為中小企業設計，建立可落實的節稅與避險制度⚖️ — 課程亮點 — 🔹 法稅結合｜帶你重建財稅思維，主動規劃、提前預判不踩坑 🔹 獨創系統｜F.O.R.E.V 五大模組，輕鬆檢視不同階段的節稅重點 🔹 收斂問題｜解析常見30種交易情境，讓你能馬上判斷問題與行動方案 🔹 白話講解｜不用死背法條，讓你聽得懂、用得上、能落實！ 即日起 ～ 7/5（日）限時低於 45 折！ 使用專屬折扣碼「gooaye350」可再折 350 元！ 👉 課程連結： https://hi.sat.cool/GJvC4 股癌傳送門： https://linktr.ee/gooaye -- Hosting provided by SoundOn,EP664 | 🐟 差一點捏破 《企業財稅必修課》 #專為中小企業設計，建立可落實的節稅與避險制度⚖️ — 課程亮點 — 🔹 法稅結合｜帶你重建財稅思維，主動規劃、提前預判不踩坑 🔹 獨創系統｜F.O.R.E.V 五大模組，輕鬆檢視不同階段的節稅重點 🔹 收斂問題｜解析常見30種交易情境，讓你能馬上判斷問題與行動方案 🔹 白話講解｜不用死背法條，讓你聽得懂、用得上、能落實！ 即日起 ～ 7/5（日）限時低於 45 折！ 使用專屬折扣碼「gooaye350」可再折 350 元！ 👉 課程連結： https://hi.sat.cool/GJvC4 股癌傳送門： https://linktr.ee/gooaye -- Hosting provided by SoundOn,other,other-e4307d7f3a,rule
podcast_rss-271d049aec,podcast,https://player.soundon.fm/p/954689a5-3096-43a4-a80b-7810b219cef3/episodes/a3324cb1-b7be-4483-a739-d3ebfc534277,2026-05-20T15:59:35+08:00,股癌,EP663 | 🦘,"EP663 | 🦘 信仰測試 東璧堂dongbitang 最殺優惠直接在股癌提前開跑！ https://lihi3.me/ZwAxL 5.20-5.31 股癌粉絲提前專享 618 專屬優惠 🎉 👉 限時獨家組合只在這裡買的到 👉 全館下單不限金額享免運 👉 滿$3000 加贈 品牌化妝包 👉 滿$5200 加贈 聯名大禮包（價值$2400） 👉 輸入專屬折扣碼再送「開運堂招財小馬皮革吊飾」限量300組 — 限時獨家組合 股癌獨家優惠｜久坐輕盈推薦組（紅豆粉×3、刮痧板×1）NT$2,780 ・原價 NT$3,220，現省 NT$440（86折） ・適合久坐族日常保養，搭配刮痧板幫助舒緩放鬆，輕鬆打造輕盈感。 股癌獨家優惠｜擺脫沈重好運組 （紅豆粉×4、康普順暢飲×3、刮痧板×1）NT$5,200 ・原價 NT$7,340，現省 NT$2,140（71折） ・加強版順暢輕盈組合，適合重視循環與日常代謝調理者，一次補足多重需求。 — 股癌專屬折扣碼：520gooaye 只限股癌聽眾專屬輸入折扣碼不限金額再送「開運堂的招財小馬皮革吊飾」限量300組，一馬在手，股市狂漲！ — 股票等噴出，調整狀態開紅盤📈 東璧堂招牌「珍珠薏仁紅豆🫘」在 Threads 上討論度超高，眾多藝人、KOL 愛用推薦，口碑有目共睹。 現代人久坐辦公、外食重鹹、聚餐小酌、長途搭機，這些日常習慣都是「代謝卡關」的隱形殺手；想維持好狀態，日常保養缺一不可。 ✨全新升級｜珍珠薏仁紅豆粉 粉劑配方再進化，超細粉末快速吸收，規律補充幫助促進新陳代謝、調節生理機能。不只通過 SGS 嚴格認證，更獲得中醫師強力推薦背書，安心有保障。 一包直接攻頂！透亮輕盈不沉重，重要場合更上鏡；把多餘水份負擔通通都排掉💦 #東璧堂 #珍珠薏仁紅豆粉 #開運堂 #好運是來自氣場與狀態的回歸 股癌傳送門：https://linktr.ee/gooaye -- Hosting provided by SoundOn","EP663 | 🦘 信仰測試 東璧堂dongbitang 最殺優惠直接在股癌提前開跑！ https://lihi3.me/ZwAxL 5.20-5.31 股癌粉絲提前專享 618 專屬優惠 🎉 👉 限時獨家組合只在這裡買的到 👉 全館下單不限金額享免運 👉 滿$3000 加贈 品牌化妝包 👉 滿$5200 加贈 聯名大禮包（價值$2400） 👉 輸入專屬折扣碼再送「開運堂招財小馬皮革吊飾」限量300組 — 限時獨家組合 股癌獨家優惠｜久坐輕盈推薦組（紅豆粉×3、刮痧板×1）NT$2,780 ・原價 NT$3,220，現省 NT$440（86折） ・適合久坐族日常保養，搭配刮痧板幫助舒緩放鬆，輕鬆打造輕盈感。 股癌獨家優惠｜擺脫沈重好運組 （紅豆粉×4、康普順暢飲×3、刮痧板×1）NT$5,200 ・原價 NT$7,340，現省 NT$2,140（71折） ・加強版順暢輕盈組合，適合重視循環與日常代謝調理者，一次補足多重需求。 — 股癌專屬折扣碼：520gooaye 只限股癌聽眾專屬輸入折扣碼不限金額再送「開運堂的招財小馬皮革吊飾」限量300組，一馬在手，股市狂漲！ — 股票等噴出，調整狀態開紅盤📈 東璧堂招牌「珍珠薏仁紅豆🫘」在 Threads 上討論度超高，眾多藝人、KOL 愛用推薦，口碑有目共睹。 現代人久坐辦公、外食重鹹、聚餐小酌、長途搭機，這些日常習慣都是「代謝卡關」的隱形殺手；想維持好狀態，日常保養缺一不可。 ✨全新升級｜珍珠薏仁紅豆粉 粉劑配方再進化，超細粉末快速吸收，規律補充幫助促進新陳代謝、調節生理機能。不只通過 SGS 嚴格認證，更獲得中醫師強力推薦背書，安心有保障。 一包直接攻頂！透亮輕盈不沉重，重要場合更上鏡；把多餘水份負擔通通都排掉💦 #東璧堂 #珍珠薏仁紅豆粉 #開運堂 #好運是來自氣場與狀態的回歸 股癌傳送門：https://linktr.ee/gooaye -- Hosting provided by SoundOn",other,other-e55c0a3451,rule
podcast_rss-b9e801b64d,podcast,https://player.soundon.fm/p/954689a5-3096-43a4-a80b-7810b219cef3/episodes/33f8760f-b645-4463-bce9-18577f2db00a,2026-05-16T16:30:49+08:00,股癌,EP662 | ⛑️,EP662 | ⛑️ 再往下 8% 我就喊救命 本集節目由【NordVPN】贊助 現在搜尋 https://nordvpn.com/gooaye 或結帳時輸入股癌的專屬優惠碼【gooaye】購買2年方案＋送四個月 一個月只要一杯咖啡的價格就能取得VPN服務 還有30天試用期，不滿意可隨時取消 #NordVPN 股癌傳送門： https://linktr.ee/gooaye -- Hosting provided by SoundOn,EP662 | ⛑️ 再往下 8% 我就喊救命 本集節目由【NordVPN】贊助 現在搜尋 https://nordvpn.com/gooaye 或結帳時輸入股癌的專屬優惠碼【gooaye】購買2年方案＋送四個月 一個月只要一杯咖啡的價格就能取得VPN服務 還有30天試用期，不滿意可隨時取消 #NordVPN 股癌傳送門： https://linktr.ee/gooaye -- Hosting provided by SoundOn,other,other-aff258cbe5,rule
podcast_rss-5af207ff11,podcast,https://player.soundon.fm/p/954689a5-3096-43a4-a80b-7810b219cef3/episodes/0dd4828f-6df5-48aa-8676-caca6024987f,2026-05-13T16:00:31+08:00,股癌,EP661 | 🚲,EP661 | 🚲 正常能量釋放 本集由「MIT 情愛精品 HARU 含春」贊助 看看床上的績優股，你是哪一種？ 仔細觀察你會發現，一場完美的床事就跟股票走勢一樣！ 最怕遇到那種一字跌停鎖死的冷門股，還沒開始就結束；或者是一路平躺、毫無波動的殭屍股。 真正的頂級體驗，應該要是潛力黑馬股，就像 HARU 的 ORGASM 大麻熱感潤滑液的溫暖陪伴一樣。 剛開始是溫柔的逢低佈局，一點點試探、一點點加量，讓氣氛慢慢升溫加熱，當你感覺到對方的節奏開始加快，那不是亂動，那是沖天炮！ 此時就像用了 HARU DESIRE ULTIMATE HOT 大麻熱慾焚身高潮液加碼點綴，給你五倍熱感再升級，把氣氛拉到最高點，所有的情緒在瞬間引爆，就像股價直衝天際，這不叫漲停，這叫翻倍再翻倍！ 體驗那種大腦當機、全身酥麻的感覺，就是這場情愛投資裡最完美的獲利。 所以啊，別整天只會研究大盤~ 今晚回家，好好觀察對方的走勢，當一個懂操作、不貪心、能帶領對方衝向歷史新高的快樂操盤手吧！ 結帳輸入「gooaye2026」馬上享單品9折 折扣無上限！ 結帳金額滿$1000贈套套4入/盒 體驗高潮迭起傳送門 https://letsharu.cc/XXlim 股癌傳送門： https://linktr.ee/gooaye -- Hosting provided by SoundOn,EP661 | 🚲 正常能量釋放 本集由「MIT 情愛精品 HARU 含春」贊助 看看床上的績優股，你是哪一種？ 仔細觀察你會發現，一場完美的床事就跟股票走勢一樣！ 最怕遇到那種一字跌停鎖死的冷門股，還沒開始就結束；或者是一路平躺、毫無波動的殭屍股。 真正的頂級體驗，應該要是潛力黑馬股，就像 HARU 的 ORGASM 大麻熱感潤滑液的溫暖陪伴一樣。 剛開始是溫柔的逢低佈局，一點點試探、一點點加量，讓氣氛慢慢升溫加熱，當你感覺到對方的節奏開始加快，那不是亂動，那是沖天炮！ 此時就像用了 HARU DESIRE ULTIMATE HOT 大麻熱慾焚身高潮液加碼點綴，給你五倍熱感再升級，把氣氛拉到最高點，所有的情緒在瞬間引爆，就像股價直衝天際，這不叫漲停，這叫翻倍再翻倍！ 體驗那種大腦當機、全身酥麻的感覺，就是這場情愛投資裡最完美的獲利。 所以啊，別整天只會研究大盤~ 今晚回家，好好觀察對方的走勢，當一個懂操作、不貪心、能帶領對方衝向歷史新高的快樂操盤手吧！ 結帳輸入「gooaye2026」馬上享單品9折 折扣無上限！ 結帳金額滿$1000贈套套4入/盒 體驗高潮迭起傳送門 https://letsharu.cc/XXlim 股癌傳送門： https://linktr.ee/gooaye -- Hosting provided by SoundOn,other,other-9888d587cb,rule
podcast_rss-77d4de36f9,podcast,https://player.soundon.fm/p/954689a5-3096-43a4-a80b-7810b219cef3/episodes/d55ccb00-f3dd-4dd0-9e7f-e108f6645494,2026-05-09T10:48:01+08:00,股癌,EP660 | 🍄‍🟫,"EP660 | 🍄‍🟫 這樣下去會不會壞掉 本集節目由【zZSLEEPER 負 2 度涼感忘憂枕】贊助 台股站上 42,000 點，台積電噴到 $2,345，連發哥都被送進去關禁閉撮合了，這盤勢熱到腦袋發燙，大家半夜還在 Discord 挖那些 Agentic AI 的料。但我常說，投資最重要的就是「風險控管」，而你各位現在最大的胖尾風險，就是你的頸椎。 決策品質跟睡眠品質是正相關。如果醒來脖子卡得跟處置股一樣動彈不得，你下單的手感絕對會歪。不要只顧著看 K 線的基本面，你頸椎的基本面也要顧一下。 【zZSLEEPER 忘憂枕】投資人標配推薦： 物理治療師研發： 三種高度隨你調，雙弧度切面穩穩撐住肩頸，側睡正睡都適用。 -2°C 物理降溫： 內枕套採用 Wincool 涼感紗，讓腦袋在瘋狂行情中強迫冷靜。 專業材質： 涼感親水棉結合記憶枕支撐與羽絨枕柔軟，通過歐盟 197 項檢驗。 大家都想 ALL IN 的時刻，頭一靠上去那種強迫冷靜的降溫感，真的會讓你少下幾筆衝動的單。資訊欄點下去，登入享主委專屬 52 折 起，投資有賺有賠，但睡好覺是絕對的套利空間。 zZSLEEPER 忘憂枕 -2°C 涼感忘憂枕 （全新升級款） zZSLEEPER 忘憂枕（升級頂級天絲枕套） 👉 主委聽眾專屬優惠：52 折起 https://s.add.one/5hyycc （品牌限定優惠，請使用 Fb、Line、手機號碼 登入，即可看到專屬優惠價） -- Hosting provided by SoundOn","EP660 | 🍄‍🟫 這樣下去會不會壞掉 本集節目由【zZSLEEPER 負 2 度涼感忘憂枕】贊助 台股站上 42,000 點，台積電噴到 $2,345，連發哥都被送進去關禁閉撮合了，這盤勢熱到腦袋發燙，大家半夜還在 Discord 挖那些 Agentic AI 的料。但我常說，投資最重要的就是「風險控管」，而你各位現在最大的胖尾風險，就是你的頸椎。 決策品質跟睡眠品質是正相關。如果醒來脖子卡得跟處置股一樣動彈不得，你下單的手感絕對會歪。不要只顧著看 K 線的基本面，你頸椎的基本面也要顧一下。 【zZSLEEPER 忘憂枕】投資人標配推薦： 物理治療師研發： 三種高度隨你調，雙弧度切面穩穩撐住肩頸，側睡正睡都適用。 -2°C 物理降溫： 內枕套採用 Wincool 涼感紗，讓腦袋在瘋狂行情中強迫冷靜。 專業材質： 涼感親水棉結合記憶枕支撐與羽絨枕柔軟，通過歐盟 197 項檢驗。 大家都想 ALL IN 的時刻，頭一靠上去那種強迫冷靜的降溫感，真的會讓你少下幾筆衝動的單。資訊欄點下去，登入享主委專屬 52 折 起，投資有賺有賠，但睡好覺是絕對的套利空間。 zZSLEEPER 忘憂枕 -2°C 涼感忘憂枕 （全新升級款） zZSLEEPER 忘憂枕（升級頂級天絲枕套） 👉 主委聽眾專屬優惠：52 折起 https://s.add.one/5hyycc （品牌限定優惠，請使用 Fb、Line、手機號碼 登入，即可看到專屬優惠價） -- Hosting provided by SoundOn",taiwan_market,taiwan_market-04bc2dcf3e,rule
podcast_rss-ac363e1577,podcast,https://player.soundon.fm/p/954689a5-3096-43a4-a80b-7810b219cef3/episodes/0606f6c5-c531-454e-9714-19fa5f90e640,2026-05-06T16:36:59+08:00,股癌,EP659 | 🦤,EP659 | 🦤 做壞掉了 現在只要下載 Saily APP，在結帳時輸入優惠代碼 [gooaye]，或透過資訊欄專屬連結： https://saily.com/gooaye ，購買方案即享有 85 折的專屬優惠。 #SailyeSIM 股癌傳送門： https://linktr.ee/gooaye -- Hosting provided by SoundOn,EP659 | 🦤 做壞掉了 現在只要下載 Saily APP，在結帳時輸入優惠代碼 [gooaye]，或透過資訊欄專屬連結： https://saily.com/gooaye ，購買方案即享有 85 折的專屬優惠。 #SailyeSIM 股癌傳送門： https://linktr.ee/gooaye -- Hosting provided by SoundOn,other,other-d0e46d5566,rule
podcast_rss-d0beb23ad6,podcast,https://player.soundon.fm/p/954689a5-3096-43a4-a80b-7810b219cef3/episodes/05d6fea4-c6a1-47f2-a57e-b2f4e8d82bc0,2026-05-02T16:53:53+08:00,股癌,EP658 | 🪿,EP658 | 🪿 最終都是氣氛 本集節目由【NordVPN】贊助 現在搜尋 https://nordvpn.com/gooaye 或結帳時輸入股癌的專屬優惠碼【gooaye】購買2年方案＋送四個月 一個月只要一杯咖啡的價格就能取得VPN服務 還有30天試用期，不滿意可隨時取消 #NordVPN 股癌傳送門：https://linktr.ee/gooaye -- Hosting provided by SoundOn,EP658 | 🪿 最終都是氣氛 本集節目由【NordVPN】贊助 現在搜尋 https://nordvpn.com/gooaye 或結帳時輸入股癌的專屬優惠碼【gooaye】購買2年方案＋送四個月 一個月只要一杯咖啡的價格就能取得VPN服務 還有30天試用期，不滿意可隨時取消 #NordVPN 股癌傳送門：https://linktr.ee/gooaye -- Hosting provided by SoundOn,other,other-72a5abef09,rule
podcast_rss-2675aef719,podcast,https://player.soundon.fm/p/954689a5-3096-43a4-a80b-7810b219cef3/episodes/ebd38d86-113a-4ce7-9c64-72f3fb63e5b4,2026-04-29T16:15:00+08:00,股癌,EP657 | 🐫,"EP657 | 🐫 他不呆兒 他長大了 一年一度的母親節又來了 你準備好老婆、岳母、媽媽的母親節禮物了嗎？ 她不一定記得你去年送什麼花， 但她一定會記得讓她臉「變緊」的保養品！ 📦 股癌專屬賣場 👉 https://www.momoshop.com.tw/category/DgrpCategory.jsp?d_code=2176300048&amp;p_orderType=4&amp;osm=t04&amp;utm_source=BD_024232&amp;utm_medium=Gooaye-podcast&amp;scm_activity=202603270252ujqtclh3 股癌限定優惠： 🔥 股癌專屬連結 精美禮盒8折起 🔥 獨家下單送紫米精華 4ml 🔥 滿 8000 送 修麗可訂製化妝鏡手機支架 or 修麗可客製毛巾禮盒 🔥獨家 滿15000 送 KINYO 雙電壓小圓鍋-奶茶色 📅重點明星商品一次看： CE 抗氧化精華： 肌膚最強防禦護盾，不讓皮膚變黃變老 P-TIOX 抗皺精華： 擦的肉毒，專治各種煩人細紋 A.G.E 緊緻精華： 最強新品🔥 撐起下垂肉肉、U臉變 V 臉 A.G.E 緊緻霜： 負責補彈力，讓臉摸起來又Ｑ又緊 抗老佈局要像你投資一樣：「穩健抗氧，進攻抗皺，風控穩膚」 這才是完整抗老組合，買一瓶怎麼夠？ 🎁 限量精美禮盒，買到直接當禮物送（賣完沒得補） Happy Wife, Happy Life 修麗可真的是我老婆的愛（今年母親節禮物直接由修麗可贊助了） 兄弟，聽我一句勸，當個會送禮的男人 母親節一次打中三顆心❤️❤️❤️ 接下來保證順風順水！ #修麗可 #SkinCeuticals #黃金抗老組合 #AGE極效賦活緊緻精華 #AGE緊緻霜 #CE抗氧化精華 #PTIOX抗皺精華 股癌傳送門： https://linktr.ee/gooaye -- Hosting provided by SoundOn","EP657 | 🐫 他不呆兒 他長大了 一年一度的母親節又來了 你準備好老婆、岳母、媽媽的母親節禮物了嗎？ 她不一定記得你去年送什麼花， 但她一定會記得讓她臉「變緊」的保養品！ 📦 股癌專屬賣場 👉 https://www.momoshop.com.tw/category/DgrpCategory.jsp?d_code=2176300048&amp;p_orderType=4&amp;osm=t04&amp;utm_source=BD_024232&amp;utm_medium=Gooaye-podcast&amp;scm_activity=202603270252ujqtclh3 股癌限定優惠： 🔥 股癌專屬連結 精美禮盒8折起 🔥 獨家下單送紫米精華 4ml 🔥 滿 8000 送 修麗可訂製化妝鏡手機支架 or 修麗可客製毛巾禮盒 🔥獨家 滿15000 送 KINYO 雙電壓小圓鍋-奶茶色 📅重點明星商品一次看： CE 抗氧化精華： 肌膚最強防禦護盾，不讓皮膚變黃變老 P-TIOX 抗皺精華： 擦的肉毒，專治各種煩人細紋 A.G.E 緊緻精華： 最強新品🔥 撐起下垂肉肉、U臉變 V 臉 A.G.E 緊緻霜： 負責補彈力，讓臉摸起來又Ｑ又緊 抗老佈局要像你投資一樣：「穩健抗氧，進攻抗皺，風控穩膚」 這才是完整抗老組合，買一瓶怎麼夠？ 🎁 限量精美禮盒，買到直接當禮物送（賣完沒得補） Happy Wife, Happy Life 修麗可真的是我老婆的愛（今年母親節禮物直接由修麗可贊助了） 兄弟，聽我一句勸，當個會送禮的男人 母親節一次打中三顆心❤️❤️❤️ 接下來保證順風順水！ #修麗可 #SkinCeuticals #黃金抗老組合 #AGE極效賦活緊緻精華 #AGE緊緻霜 #CE抗氧化精華 #PTIOX抗皺精華 股癌傳送門： https://linktr.ee/gooaye -- Hosting provided by SoundOn",risk_control,risk_control-aab2ea8446,rule
podcast_rss-8f2431cdf8,podcast,https://player.soundon.fm/p/954689a5-3096-43a4-a80b-7810b219cef3/episodes/642a945a-aa16-48c9-b3ba-18449dd1cf9c,2026-04-25T15:13:49+08:00,股癌,EP656 | 🍇,EP656 | 🍇 萬劍歸宗 買股票你會停損，但身體累積的勞損可沒辦法輕易平倉。 聽勸一句：先優化交易環境。這可能是你今年勝率最高的一筆投資！ 🔗 https://www.uview.com.tw/ 很多人對股價變動敏感，但對自己每天久待的工作環境卻完全放任。螢幕高度不對讓頸椎提早折舊，桌面凌亂導致思考邏輯受阻，這在效率管理上其實是最大利空。 與其在那邊墊原文書、彎腰看螢幕，不如一次到位換上 Ergotron 愛格升。這牌子就是業界天花板，穩定度跟流暢感真的沒在跟你開玩笑，用過就回不去。 為什麼推薦 Ergotron 愛格升？ 📈 效益穩定：專利技術單手秒調，螢幕推到哪停到哪，不點頭、不下垂。 📈 長期持有：業界標竿 10 年保固，耐用到台股破十萬點它可能都還在。 📈 空間解放：騰起螢幕、徹底清空桌面空間，使用者效率直接翻倍。 別在不該省的地方省，投資自己的產出效率，這筆交易絕對穩賺不賠。 #即日起至5月底 🎫 結帳輸入優惠碼：「GOOAYE」全館螢幕支架 9 折 🛒 手刀升級配置：https://www.uview.com.tw/ 股癌傳送門：https://linktr.ee/gooaye -- Hosting provided by SoundOn,EP656 | 🍇 萬劍歸宗 買股票你會停損，但身體累積的勞損可沒辦法輕易平倉。 聽勸一句：先優化交易環境。這可能是你今年勝率最高的一筆投資！ 🔗 https://www.uview.com.tw/ 很多人對股價變動敏感，但對自己每天久待的工作環境卻完全放任。螢幕高度不對讓頸椎提早折舊，桌面凌亂導致思考邏輯受阻，這在效率管理上其實是最大利空。 與其在那邊墊原文書、彎腰看螢幕，不如一次到位換上 Ergotron 愛格升。這牌子就是業界天花板，穩定度跟流暢感真的沒在跟你開玩笑，用過就回不去。 為什麼推薦 Ergotron 愛格升？ 📈 效益穩定：專利技術單手秒調，螢幕推到哪停到哪，不點頭、不下垂。 📈 長期持有：業界標竿 10 年保固，耐用到台股破十萬點它可能都還在。 📈 空間解放：騰起螢幕、徹底清空桌面空間，使用者效率直接翻倍。 別在不該省的地方省，投資自己的產出效率，這筆交易絕對穩賺不賠。 #即日起至5月底 🎫 結帳輸入優惠碼：「GOOAYE」全館螢幕支架 9 折 🛒 手刀升級配置：https://www.uview.com.tw/ 股癌傳送門：https://linktr.ee/gooaye -- Hosting provided by SoundOn,risk_control,risk_control-61c8139d54,rule
podcast_rss-0ea4dbad61,podcast,https://player.soundon.fm/p/954689a5-3096-43a4-a80b-7810b219cef3/episodes/29360069-27f9-41bf-80af-778e54933c7b,2026-04-22T16:06:13+08:00,股癌,EP655 | 🐯,"EP655 | 🐯 誰比較大組誰贏 捏卵陣線專屬優惠 → https://yohopower.net/IVrD4 巧虎 x 悠活原力兒童保健系列聯名 【葉黃素、魚油、鈣、綜合維他命、多醣體】 ★4/22-5/5 巧虎生日慶於momo購買 ✅下單抽可愛巧虎限量金飾 ✅滿額送巧虎聯名擦手巾、兒童水壺、午餐袋等多重好禮 ✅最高再享8折優惠 🏆【小悠活兒童葉黃素咀嚼錠】 ✅ 專利FloraGLO游離型葉黃素 ✅ 含山桑子、枸杞萃取，營養補給 ✅ 葡萄口味，酸甜好吃 🏆【小悠活兒童魚油咀嚼軟膠囊】 ✅ 挪威頂級魚油大廠，品質保障 ✅ DHA:EPA5:1比例，一顆達275毫克DHA ✅ 香檸風味，無魚腥味，兒童愛吃 🏆【小悠活鈣咀嚼錠】 ✅ 天然海陸雙鈣，法國海藻鈣+德國牛奶鈣 ✅ 含維生素D、K，補鈣更鎖鈣 ✅ 草莓牛奶口味 🏆【小悠活兒童綜合維他命咀嚼錠】 ✅ 精選13種營養素+2種礦物質 ✅ 高生物利用率微膠囊化鐵 ✅ 水果口味 🏆【小悠活兒童多醣體咀嚼錠】 ✅ 高達75%專利多醣體的β-1,3-1,6葡聚多醣體 ✅ 含德國接骨木莓可增強體力，高活性鋅酵母可助於生長發育 ✅ 黑醋栗口味 健康加倉→ https://yohopower.net/IVrD4 股癌傳送門：https://linktr.ee/gooaye -- Hosting provided by SoundOn","EP655 | 🐯 誰比較大組誰贏 捏卵陣線專屬優惠 → https://yohopower.net/IVrD4 巧虎 x 悠活原力兒童保健系列聯名 【葉黃素、魚油、鈣、綜合維他命、多醣體】 ★4/22-5/5 巧虎生日慶於momo購買 ✅下單抽可愛巧虎限量金飾 ✅滿額送巧虎聯名擦手巾、兒童水壺、午餐袋等多重好禮 ✅最高再享8折優惠 🏆【小悠活兒童葉黃素咀嚼錠】 ✅ 專利FloraGLO游離型葉黃素 ✅ 含山桑子、枸杞萃取，營養補給 ✅ 葡萄口味，酸甜好吃 🏆【小悠活兒童魚油咀嚼軟膠囊】 ✅ 挪威頂級魚油大廠，品質保障 ✅ DHA:EPA5:1比例，一顆達275毫克DHA ✅ 香檸風味，無魚腥味，兒童愛吃 🏆【小悠活鈣咀嚼錠】 ✅ 天然海陸雙鈣，法國海藻鈣+德國牛奶鈣 ✅ 含維生素D、K，補鈣更鎖鈣 ✅ 草莓牛奶口味 🏆【小悠活兒童綜合維他命咀嚼錠】 ✅ 精選13種營養素+2種礦物質 ✅ 高生物利用率微膠囊化鐵 ✅ 水果口味 🏆【小悠活兒童多醣體咀嚼錠】 ✅ 高達75%專利多醣體的β-1,3-1,6葡聚多醣體 ✅ 含德國接骨木莓可增強體力，高活性鋅酵母可助於生長發育 ✅ 黑醋栗口味 健康加倉→ https://yohopower.net/IVrD4 股癌傳送門：https://linktr.ee/gooaye -- Hosting provided by SoundOn",other,other-882ee7924e,rule
podcast_rss-a42e4d45d2,podcast,https://player.soundon.fm/p/954689a5-3096-43a4-a80b-7810b219cef3/episodes/687a5ae3-badb-4733-a9ff-49228d65875f,2026-04-18T14:37:33+08:00,股癌,EP654 | 🌵,EP654 | 🌵 supply chain 仔永支 tokenmaxxing 本集節目由 New Balance 贊助播出👟 https://reurl.cc/2azzZv 無論你是想出國或是去戶外走走 ✈️，出發之前請先找到你的優質裝備。 出門穿搭就跟找旅伴一樣，必須找一個有潛力的長期標的。 NB 這一套就是穿搭界的「優質資產」，基本面紮實、設計在線。陪你日走三萬步，依然有體力可以看盤： 👕 NB BOY 系列上衣：插畫好看、不單調也不臭宅，全家一起穿也很溫馨！ 👟 740：腳感舒適、外型耐看，回饋感就像穩定的報酬——沒有花言巧語，但很實在 📈 👟 204L：線條簡約又好搭，要跟老婆約會拍美照，還是硬派走景點都能一雙打天下！ 投資自己的穿搭，絕對比亂聽明牌划算 💰 有興趣的朋友，去全台 New Balance 門市試穿，或直接點官網連結看看! 🔗 New Balance 官網逛起來： https://www.newbalance.com.tw/ 股癌傳送門： https://linktr.ee/gooaye -- Hosting provided by SoundOn,EP654 | 🌵 supply chain 仔永支 tokenmaxxing 本集節目由 New Balance 贊助播出👟 https://reurl.cc/2azzZv 無論你是想出國或是去戶外走走 ✈️，出發之前請先找到你的優質裝備。 出門穿搭就跟找旅伴一樣，必須找一個有潛力的長期標的。 NB 這一套就是穿搭界的「優質資產」，基本面紮實、設計在線。陪你日走三萬步，依然有體力可以看盤： 👕 NB BOY 系列上衣：插畫好看、不單調也不臭宅，全家一起穿也很溫馨！ 👟 740：腳感舒適、外型耐看，回饋感就像穩定的報酬——沒有花言巧語，但很實在 📈 👟 204L：線條簡約又好搭，要跟老婆約會拍美照，還是硬派走景點都能一雙打天下！ 投資自己的穿搭，絕對比亂聽明牌划算 💰 有興趣的朋友，去全台 New Balance 門市試穿，或直接點官網連結看看! 🔗 New Balance 官網逛起來： https://www.newbalance.com.tw/ 股癌傳送門： https://linktr.ee/gooaye -- Hosting provided by SoundOn,other,other-04e9d52c11,rule
podcast_rss-558e471cd8,podcast,https://player.soundon.fm/p/954689a5-3096-43a4-a80b-7810b219cef3/episodes/3239f800-b064-4ac4-bef6-e7f72021b49f,2026-04-15T15:51:32+08:00,股癌,EP653 | 🕊️,EP653 | 🕊️ 鳥語花香 本集節目由【NordVPN】贊助 現在搜尋 https://nordvpn.com/gooaye 或結帳時輸入股癌的專屬優惠碼【gooaye】 購買 2 年方案＋送四個月一個月只要一杯咖啡的價格就能取得 VPN 服務還有30天試用期，不滿意可隨時取消 #NordVPN 股癌傳送門：https://linktr.ee/gooaye -- Hosting provided by SoundOn,EP653 | 🕊️ 鳥語花香 本集節目由【NordVPN】贊助 現在搜尋 https://nordvpn.com/gooaye 或結帳時輸入股癌的專屬優惠碼【gooaye】 購買 2 年方案＋送四個月一個月只要一杯咖啡的價格就能取得 VPN 服務還有30天試用期，不滿意可隨時取消 #NordVPN 股癌傳送門：https://linktr.ee/gooaye -- Hosting provided by SoundOn,other,other-df5c80b56d,rule
podcast_rss-e89874ac0f,podcast,https://player.soundon.fm/p/954689a5-3096-43a4-a80b-7810b219cef3/episodes/3a7ba4a5-4df7-4b83-a6ed-2b545c1d74f5,2026-04-11T16:14:13+08:00,股癌,EP652 | 🐸,EP652 | 🐸 美股多蛙終於開始回血 主委敲碗組合回歸🔥 https://reurl.cc/9R9keV 別讓生活 Lag 到懷疑人生 談投資，大家都在看財報， 但你的體力就是你最核心的資產。 要維持長線走勢，你需要的是「結構性補給」， 而不是預支未來的精力。 這幾年我都堅持補： 米鴻這組📦把我體力打回上升軌道 95%回購滿意度的口碑👍 戰力飆升▪多效合一▪重燃熱情 【MIHONG®司令B群黑紅瑪卡💊】 #膠囊版 #日常持續 ☑ 專利祕魯95%高純度MacaPro黑紅瑪卡 ☑ 600%濃縮，吸收效率像突破壓力線 ☑ 草本調節機能，維持活力不亂震 ☑ 足量L-精胺酸＝體力的基本面 ☑ 兩顆含2400mg濃縮精華 ☑ 七大無添加＋第三方檢驗 【MIHONG®極濃司令黑紅瑪卡】 #粉包版 #快速反應 #硬朗升級 🏆 瑪卡拉到6770mg＝強勢補量長紅 🏆 人蔘皂甘40mg＝補能量的主力買盤 🏆 專利南非醉茄＋L-精氨酸＝撐住走勢 🏆 草本精華，幫助滋補強身 🏆 新粉包＝想補就補，不拖拉好攜帶 兩款男女可食 我們要的不是短線暴衝 而是把「體力K線」守在均線之上 以「延續」體力取代「預支」 投資要看趨勢，身體也要維持趨勢 補給做對，狀態自然不破底👌 不用碼、最高現折$1980→ https://reurl.cc/9R9keV 股癌傳送門：https://linktr.ee/gooaye -- Hosting provided by SoundOn,EP652 | 🐸 美股多蛙終於開始回血 主委敲碗組合回歸🔥 https://reurl.cc/9R9keV 別讓生活 Lag 到懷疑人生 談投資，大家都在看財報， 但你的體力就是你最核心的資產。 要維持長線走勢，你需要的是「結構性補給」， 而不是預支未來的精力。 這幾年我都堅持補： 米鴻這組📦把我體力打回上升軌道 95%回購滿意度的口碑👍 戰力飆升▪多效合一▪重燃熱情 【MIHONG®司令B群黑紅瑪卡💊】 #膠囊版 #日常持續 ☑ 專利祕魯95%高純度MacaPro黑紅瑪卡 ☑ 600%濃縮，吸收效率像突破壓力線 ☑ 草本調節機能，維持活力不亂震 ☑ 足量L-精胺酸＝體力的基本面 ☑ 兩顆含2400mg濃縮精華 ☑ 七大無添加＋第三方檢驗 【MIHONG®極濃司令黑紅瑪卡】 #粉包版 #快速反應 #硬朗升級 🏆 瑪卡拉到6770mg＝強勢補量長紅 🏆 人蔘皂甘40mg＝補能量的主力買盤 🏆 專利南非醉茄＋L-精氨酸＝撐住走勢 🏆 草本精華，幫助滋補強身 🏆 新粉包＝想補就補，不拖拉好攜帶 兩款男女可食 我們要的不是短線暴衝 而是把「體力K線」守在均線之上 以「延續」體力取代「預支」 投資要看趨勢，身體也要維持趨勢 補給做對，狀態自然不破底👌 不用碼、最高現折$1980→ https://reurl.cc/9R9keV 股癌傳送門：https://linktr.ee/gooaye -- Hosting provided by SoundOn,other,other-fa1cfe5dd1,rule
podcast_rss-431a1dc4c9,podcast,https://player.soundon.fm/p/954689a5-3096-43a4-a80b-7810b219cef3/episodes/b9af779d-9d07-437e-8291-d5f5772eaee0,2026-04-08T15:52:19+08:00,股癌,EP651 | One for all,EP651 | One for all 006208，學到 現在只要下載 Saily APP，在結帳時輸入優惠代碼 [gooaye]，或透過資訊欄專屬連結： https://saily.com/gooaye 購買方案即享有 85 折的專屬優惠。 #SailyeSIM 股癌傳送門： https://linktr.ee/gooaye -- Hosting provided by SoundOn,EP651 | One for all 006208，學到 現在只要下載 Saily APP，在結帳時輸入優惠代碼 [gooaye]，或透過資訊欄專屬連結： https://saily.com/gooaye 購買方案即享有 85 折的專屬優惠。 #SailyeSIM 股癌傳送門： https://linktr.ee/gooaye -- Hosting provided by SoundOn,other,other-8f50026add,rule
podcast_rss-9ad2ffb0d2,podcast,https://player.soundon.fm/p/954689a5-3096-43a4-a80b-7810b219cef3/episodes/f4c6bee4-7b9e-4646-b6f9-e450485715a3,2026-04-04T16:06:48+08:00,股癌,EP650 | 🦄,EP650 | 🦄 見面第一句話就是 OGC (optics gpu cpu) 本集節目由【KINYO隻隻較電擊式捕蚊燈】贊助 https://s.add.one/8qch7r 市場波動讓你心煩意亂？用「啪」的一聲找回贏家的節奏感！ 實時捕蚊計數螢幕：全台首見（或特色功能），戰果數據化，看著數字跳動比看盤還療癒。 雙面大面積電擊網：左右夾殺，瞬間高壓處決，讓蚊子雜訊直接強制平倉。 冷陰極誘蚊燈管：12 萬小時超長壽命，穩定誘捕，不閃爍、不刺眼。 心理止損神器：市場紅通通？看著捕蚊計數持續增加，找回你身為贏家的掌控權。 主委聽眾專屬 69 折起優惠，讓你看著數據跳動，找回贏家的成就感，同場加映過年賣很好的免千元 AWSON 八電極家用體脂計，把生活中的干擾與贅肉通通收割掉。 https://s.add.one/8qch7r 股癌傳送門：https://linktr.ee/gooaye -- Hosting provided by SoundOn,EP650 | 🦄 見面第一句話就是 OGC (optics gpu cpu) 本集節目由【KINYO隻隻較電擊式捕蚊燈】贊助 https://s.add.one/8qch7r 市場波動讓你心煩意亂？用「啪」的一聲找回贏家的節奏感！ 實時捕蚊計數螢幕：全台首見（或特色功能），戰果數據化，看著數字跳動比看盤還療癒。 雙面大面積電擊網：左右夾殺，瞬間高壓處決，讓蚊子雜訊直接強制平倉。 冷陰極誘蚊燈管：12 萬小時超長壽命，穩定誘捕，不閃爍、不刺眼。 心理止損神器：市場紅通通？看著捕蚊計數持續增加，找回你身為贏家的掌控權。 主委聽眾專屬 69 折起優惠，讓你看著數據跳動，找回贏家的成就感，同場加映過年賣很好的免千元 AWSON 八電極家用體脂計，把生活中的干擾與贅肉通通收割掉。 https://s.add.one/8qch7r 股癌傳送門：https://linktr.ee/gooaye -- Hosting provided by SoundOn,other,other-18998bfe5d,rule
podcast_rss-d29464c4f9,podcast,https://player.soundon.fm/p/954689a5-3096-43a4-a80b-7810b219cef3/episodes/a02e82f5-cf5c-4af6-b76b-f6279ef50049,2026-04-01T15:30:08+08:00,股癌,EP649 | 💌,EP649 | 💌 太…太刺激了… 本集節目由【NordVPN】贊助 現在搜尋 https://nordvpn.com/gooaye 或結帳時輸入股癌的專屬優惠碼【gooaye】購買2年方案＋送四個月 一個月只要一杯咖啡的價格就能取得VPN服務 還有30天試用期，不滿意可隨時取消 #NordVPN 股癌傳送門： https://linktr.ee/gooaye -- Hosting provided by SoundOn,EP649 | 💌 太…太刺激了… 本集節目由【NordVPN】贊助 現在搜尋 https://nordvpn.com/gooaye 或結帳時輸入股癌的專屬優惠碼【gooaye】購買2年方案＋送四個月 一個月只要一杯咖啡的價格就能取得VPN服務 還有30天試用期，不滿意可隨時取消 #NordVPN 股癌傳送門： https://linktr.ee/gooaye -- Hosting provided by SoundOn,other,other-28804ceb56,rule
podcast_rss-44b5722f4d,podcast,https://player.soundon.fm/p/954689a5-3096-43a4-a80b-7810b219cef3/episodes/bdb56d8d-4093-4857-9e7e-275c22f0fd45,2026-03-28T16:00:40+08:00,股癌,EP648 | 🦆,"EP648 | 🦆 狀態：早上歡樂晚上哀 🎁 股癌限定優惠開跑！ 修麗可 A.G.E 極效賦活緊緻精華（電波V臉瓶） 超強新品上市🔥 很多人抗老都在「補」，但其實關鍵是——撐不撐得住。 電波V臉瓶它裡面有一個關鍵成分叫35%普拉絲鏈（Proxylane），濃度算是業界很頂的。 這東西在做的事情是——幫膠原結構「往內撐」。 再加上所謂的「煥活四重膠原機制」， 簡單講就是，不是短線發光，是把膠原支撐慢慢撐回來。 👉 比較像長期投資，不是做一波就跑。 想要修麗可抗老王者組合，從「膠原新生」到「膠原保護」讓你真正有效抗老 無論是送媽媽、老婆，還是犒賞自己，都超級適合！ 📦 股癌專屬賣場 👉 https://www.momoshop.com.tw/category/DgrpCategory.jsp?d_code=2176300048&amp;p_orderType=4&amp;osm=t04&amp;utm_source=BD_024232&amp;utm_medium=Gooaye-podcast&amp;scm_activity=202602090537jdx8tkus 股癌限定優惠： 🔥 股癌專屬連結 限時9折起 🔥 下單送AGE緊緻霜3ml 🔥 滿8,000贈 品牌訂製化妝鏡手機支架 🔥 滿15000贈 KINYO 多功能兩用蒸氣熨斗 📅 超強新品上市！錯過真的會哭 抗糖老化不能等 🎁 限量精美禮盒，買到直接當禮物送（賣完沒得補） 最強新品！AGE極效賦活緊緻精華 🏆莓果類黃酮 + 決明子萃取物，提升 + 87% 抗糖效果！ 🏆最高濃度精華： 35% 普拉斯鏈 🏆早晚使用12周，輪廓緊緻+28%，輕鬆打擊鬆、垮、垂 抗老必備！AGE普拉斯鏈活膚緊緻霜 👑 4% 莓果精萃抗醣化 👑 18%最佳化普拉斯鏈抗老修護頂級科技成分 👑 高濃度專利配方，有效逆轉醣老化 明星商品！超濃度CE緊緻修護抗氧化精華 想抗老先抗氧、抗老第一步都先用它 ✅ 修麗可專利黃金抗氧參數 ✅ 激活肌膚8倍的修復力 ✅ 有效促進膠原蛋白新生 ✅ 讓肌膚透亮又緊實 抗皺強者！P-TIOX超胜肽抗皺極光精華 🧬啟發自「肉毒桿菌素」療程 🧬增強與延長抗皺療程效果 🧬雙改善動態紋路+靜態紋路 🧴 簡單搭配給你參考（不要單壓一檔） • A.G.E 精華 + A.G.E 緊緻霜 → 結構撐起＋膠原保護（攻守兼備） • A.G.E 精華 + C E 精華 → 白天抗氧化＋撐住結構 • A.G.E 精華 + P-TIOX 精華 → 動態紋路＋整體抗老 🎯 新品上市最優惠，這次真的可以下手買點高端貨。 修麗可這組不只是擦心安，是臉真的有感、折扣也有感！ 平常下不了手的高單價保養品，趁這波入手最划算， 比投資報酬率還穩定！ #修麗可 #SkinCeuticals #黃金抗老組合 #AGE極效賦活緊緻精華 #AGE緊緻霜 #CE抗氧化精華 #PTIOX抗皺精華 股癌傳送門： https://linktr.ee/gooaye -- Hosting provided by SoundOn","EP648 | 🦆 狀態：早上歡樂晚上哀 🎁 股癌限定優惠開跑！ 修麗可 A.G.E 極效賦活緊緻精華（電波V臉瓶） 超強新品上市🔥 很多人抗老都在「補」，但其實關鍵是——撐不撐得住。 電波V臉瓶它裡面有一個關鍵成分叫35%普拉絲鏈（Proxylane），濃度算是業界很頂的。 這東西在做的事情是——幫膠原結構「往內撐」。 再加上所謂的「煥活四重膠原機制」， 簡單講就是，不是短線發光，是把膠原支撐慢慢撐回來。 👉 比較像長期投資，不是做一波就跑。 想要修麗可抗老王者組合，從「膠原新生」到「膠原保護」讓你真正有效抗老 無論是送媽媽、老婆，還是犒賞自己，都超級適合！ 📦 股癌專屬賣場 👉 https://www.momoshop.com.tw/category/DgrpCategory.jsp?d_code=2176300048&amp;p_orderType=4&amp;osm=t04&amp;utm_source=BD_024232&amp;utm_medium=Gooaye-podcast&amp;scm_activity=202602090537jdx8tkus 股癌限定優惠： 🔥 股癌專屬連結 限時9折起 🔥 下單送AGE緊緻霜3ml 🔥 滿8,000贈 品牌訂製化妝鏡手機支架 🔥 滿15000贈 KINYO 多功能兩用蒸氣熨斗 📅 超強新品上市！錯過真的會哭 抗糖老化不能等 🎁 限量精美禮盒，買到直接當禮物送（賣完沒得補） 最強新品！AGE極效賦活緊緻精華 🏆莓果類黃酮 + 決明子萃取物，提升 + 87% 抗糖效果！ 🏆最高濃度精華： 35% 普拉斯鏈 🏆早晚使用12周，輪廓緊緻+28%，輕鬆打擊鬆、垮、垂 抗老必備！AGE普拉斯鏈活膚緊緻霜 👑 4% 莓果精萃抗醣化 👑 18%最佳化普拉斯鏈抗老修護頂級科技成分 👑 高濃度專利配方，有效逆轉醣老化 明星商品！超濃度CE緊緻修護抗氧化精華 想抗老先抗氧、抗老第一步都先用它 ✅ 修麗可專利黃金抗氧參數 ✅ 激活肌膚8倍的修復力 ✅ 有效促進膠原蛋白新生 ✅ 讓肌膚透亮又緊實 抗皺強者！P-TIOX超胜肽抗皺極光精華 🧬啟發自「肉毒桿菌素」療程 🧬增強與延長抗皺療程效果 🧬雙改善動態紋路+靜態紋路 🧴 簡單搭配給你參考（不要單壓一檔） • A.G.E 精華 + A.G.E 緊緻霜 → 結構撐起＋膠原保護（攻守兼備） • A.G.E 精華 + C E 精華 → 白天抗氧化＋撐住結構 • A.G.E 精華 + P-TIOX 精華 → 動態紋路＋整體抗老 🎯 新品上市最優惠，這次真的可以下手買點高端貨。 修麗可這組不只是擦心安，是臉真的有感、折扣也有感！ 平常下不了手的高單價保養品，趁這波入手最划算， 比投資報酬率還穩定！ #修麗可 #SkinCeuticals #黃金抗老組合 #AGE極效賦活緊緻精華 #AGE緊緻霜 #CE抗氧化精華 #PTIOX抗皺精華 股癌傳送門： https://linktr.ee/gooaye -- Hosting provided by SoundOn",other,other-9f3d3680e0,rule
podcast_rss-ace2ad8221,podcast,https://player.soundon.fm/p/954689a5-3096-43a4-a80b-7810b219cef3/episodes/959ffd48-b40a-4709-aad8-239f62ccddee,2026-03-25T15:56:37+08:00,股癌,EP647 | 🍬,EP647 | 🍬 昨天還在拾荒今天又吃龍蝦 本集節目由【DRCYJ】贊助播出 https://drcyjhcc.com.tw/ 總要等到錯過，才會後悔！ 老實說，很多人都是等到開始稀疏才擔心🚨 頭皮毛孔的生長週期是有限的！ 趁早保養預防 vs 等到髮際線一路向北、K線直接破底 才處理， 難度其實差很多‼️ 有時候投資錯過就算了， 但如果毛孔萎縮，那就真的回不去了。 DR CYJ 健髮中心有做 AI 頭皮檢測， 可以從✔️敏感 ✔️髮徑 ✔️髮量 ✔️毛孔 ✔️皮脂 ✔️皮屑等狀況去分析 如果你或另一半最近有稀疏問題/頭皮不舒服， 其實可以去體驗看看。 DR CYJ健髮中心 現在課程都有新朋友價38折起 輸入「股癌」可再現折500元！ 🔗預約傳送門： https://reurl.cc/V23DaN 股癌傳送門： https://linktr.ee/gooaye -- Hosting provided by SoundOn,EP647 | 🍬 昨天還在拾荒今天又吃龍蝦 本集節目由【DRCYJ】贊助播出 https://drcyjhcc.com.tw/ 總要等到錯過，才會後悔！ 老實說，很多人都是等到開始稀疏才擔心🚨 頭皮毛孔的生長週期是有限的！ 趁早保養預防 vs 等到髮際線一路向北、K線直接破底 才處理， 難度其實差很多‼️ 有時候投資錯過就算了， 但如果毛孔萎縮，那就真的回不去了。 DR CYJ 健髮中心有做 AI 頭皮檢測， 可以從✔️敏感 ✔️髮徑 ✔️髮量 ✔️毛孔 ✔️皮脂 ✔️皮屑等狀況去分析 如果你或另一半最近有稀疏問題/頭皮不舒服， 其實可以去體驗看看。 DR CYJ健髮中心 現在課程都有新朋友價38折起 輸入「股癌」可再現折500元！ 🔗預約傳送門： https://reurl.cc/V23DaN 股癌傳送門： https://linktr.ee/gooaye -- Hosting provided by SoundOn,semiconductor,semiconductor-836cbb5ee4,rule
podcast_rss-9b98441214,podcast,https://player.soundon.fm/p/954689a5-3096-43a4-a80b-7810b219cef3/episodes/967f3c90-a910-493a-a15e-826d2f0368ed,2026-03-21T15:38:00+08:00,股癌,EP646 | 🦙,EP646 | 🦙 溜滑梯 本集節目由【NordVPN】贊助 現在搜尋 https://nordvpn.com/gooaye 或結帳時輸入股癌的專屬優惠碼【gooaye】購買2年方案＋送四個月 一個月只要一杯咖啡的價格就能取得VPN服務 還有30天試用期，不滿意可隨時取消 #NordVPN 股癌傳送門： https://linktr.ee/gooaye -- Hosting provided by SoundOn,EP646 | 🦙 溜滑梯 本集節目由【NordVPN】贊助 現在搜尋 https://nordvpn.com/gooaye 或結帳時輸入股癌的專屬優惠碼【gooaye】購買2年方案＋送四個月 一個月只要一杯咖啡的價格就能取得VPN服務 還有30天試用期，不滿意可隨時取消 #NordVPN 股癌傳送門： https://linktr.ee/gooaye -- Hosting provided by SoundOn,other,other-bbc81851c1,rule
podcast_rss-2cdc34dc14,podcast,https://player.soundon.fm/p/954689a5-3096-43a4-a80b-7810b219cef3/episodes/be3e9626-78e1-4ef7-a060-737579556b56,2026-03-18T16:00:21+08:00,股癌,EP645 | 🎱,EP645 | 🎱 開牌啦 做好有神保養，精準投資，不再股海茫茫！ 善存葉黃素，3週看見不同+! 好吸收* 高17%** 3/18-3/24股癌獨家Momo限時優惠! 善存葉黃素2入組直接打88折還送MOOMIN陶瓷盤， 主委再加碼送【星巴克券$100】！ 下單還可以抽追覓吹風機！ 這麼好康！立馬手刀買進！👉 https://reurl.cc/N2jM0p +係指葉黃素原料經科學研究發現， 葉黃素濃度改變可在第21天看出顯著差異 *指葉黃素吸收程度上差異。游離型葉黃素不須經水解步驟即被人體吸收。 **游離型與酯化型葉黃素在食用28天後，曲線下面積游離型比酯化型高17%。 ***依據人體實驗研究，連續補充葉黃素42天後，葉黃素濃度可達使用前的10倍。 本文與善存葉黃素合作 股癌傳送門：https://linktr.ee/gooaye -- Hosting provided by SoundOn,EP645 | 🎱 開牌啦 做好有神保養，精準投資，不再股海茫茫！ 善存葉黃素，3週看見不同+! 好吸收* 高17%** 3/18-3/24股癌獨家Momo限時優惠! 善存葉黃素2入組直接打88折還送MOOMIN陶瓷盤， 主委再加碼送【星巴克券$100】！ 下單還可以抽追覓吹風機！ 這麼好康！立馬手刀買進！👉 https://reurl.cc/N2jM0p +係指葉黃素原料經科學研究發現， 葉黃素濃度改變可在第21天看出顯著差異 *指葉黃素吸收程度上差異。游離型葉黃素不須經水解步驟即被人體吸收。 **游離型與酯化型葉黃素在食用28天後，曲線下面積游離型比酯化型高17%。 ***依據人體實驗研究，連續補充葉黃素42天後，葉黃素濃度可達使用前的10倍。 本文與善存葉黃素合作 股癌傳送門：https://linktr.ee/gooaye -- Hosting provided by SoundOn,other,other-251b53f640,rule
podcast_rss-cdc8ab0dc5,podcast,https://player.soundon.fm/p/954689a5-3096-43a4-a80b-7810b219cef3/episodes/926abbbf-322b-40cc-bd74-16ef523a4907,2026-03-14T15:09:27+08:00,股癌,EP644 | 🦇,EP644 | 🦇 pokopia 不錯玩誒== 【 君綺醫美】拯救了我 第一次做醫美，一口氣做了三個療程： ✔ 鳳凰電波：緊緻、改善細紋 ✔ 海芙音波第四代媚必提：深層拉提、雕塑輪廓 ✔ 皮秒雷射(picoway)：淡化斑點、改善毛孔、膚況 很多人會問痛不痛 我自己的感覺是 可以忍受，沒有想像中可怕 診所的接待人員跟醫師都是一等一的好 君綺醫美是台灣醫美的龍頭品牌，成立20幾年 相信大家第一次做醫美都會花很多時間找診所、做功課 其實最棒的方式就是找規模大、案例多、醫師經驗豐富的診所 如果你最近 ✔ 還沒想到情人節要送另一半什麼 ✔ 或是覺得自己顏值開始落後同齡人 有興趣趕快去預約諮詢： https://reurl.cc/bdzlRr 股癌傳送門： https://linktr.ee/gooaye -- Hosting provided by SoundOn,EP644 | 🦇 pokopia 不錯玩誒== 【 君綺醫美】拯救了我 第一次做醫美，一口氣做了三個療程： ✔ 鳳凰電波：緊緻、改善細紋 ✔ 海芙音波第四代媚必提：深層拉提、雕塑輪廓 ✔ 皮秒雷射(picoway)：淡化斑點、改善毛孔、膚況 很多人會問痛不痛 我自己的感覺是 可以忍受，沒有想像中可怕 診所的接待人員跟醫師都是一等一的好 君綺醫美是台灣醫美的龍頭品牌，成立20幾年 相信大家第一次做醫美都會花很多時間找診所、做功課 其實最棒的方式就是找規模大、案例多、醫師經驗豐富的診所 如果你最近 ✔ 還沒想到情人節要送另一半什麼 ✔ 或是覺得自己顏值開始落後同齡人 有興趣趕快去預約諮詢： https://reurl.cc/bdzlRr 股癌傳送門： https://linktr.ee/gooaye -- Hosting provided by SoundOn,sentiment,sentiment-17310f54ea,rule
podcast_rss-64e6ef9f22,podcast,https://player.soundon.fm/p/954689a5-3096-43a4-a80b-7810b219cef3/episodes/788ff1ea-2513-4be6-8100-e57a4baf9bc3,2026-03-11T16:13:08+08:00,股癌,EP643 | 🦊,EP643 | 🦊 這車太甩 現在只要下載 Saily APP，在結帳時輸入優惠代碼 [gooaye]，或透過資訊欄專屬連結： https://saily.com/gooaye ，購買方案即享有 85 折的專屬優惠。 #SailyeSIM 股癌傳送門：https://linktr.ee/gooaye -- Hosting provided by SoundOn,EP643 | 🦊 這車太甩 現在只要下載 Saily APP，在結帳時輸入優惠代碼 [gooaye]，或透過資訊欄專屬連結： https://saily.com/gooaye ，購買方案即享有 85 折的專屬優惠。 #SailyeSIM 股癌傳送門：https://linktr.ee/gooaye -- Hosting provided by SoundOn,other,other-73335cf7ee,rule
podcast_rss-a536e07848,podcast,https://player.soundon.fm/p/954689a5-3096-43a4-a80b-7810b219cef3/episodes/54b77e39-53f2-47be-afae-e2f6162a8bb0,2026-03-07T16:05:04+08:00,股癌,EP642 | 🐧,EP642 | 🐧 let him cook 本集節目由【NordVPN】贊助 現在搜尋 https://nordvpn.com/gooaye 或結帳時輸入股癌的專屬優惠碼【gooaye】購買2年方案＋送四個月 一個月只要一杯咖啡的價格就能取得VPN服務 還有30天試用期，不滿意可隨時取消 #NordVPN 股癌傳送門：https://linktr.ee/gooaye -- Hosting provided by SoundOn,EP642 | 🐧 let him cook 本集節目由【NordVPN】贊助 現在搜尋 https://nordvpn.com/gooaye 或結帳時輸入股癌的專屬優惠碼【gooaye】購買2年方案＋送四個月 一個月只要一杯咖啡的價格就能取得VPN服務 還有30天試用期，不滿意可隨時取消 #NordVPN 股癌傳送門：https://linktr.ee/gooaye -- Hosting provided by SoundOn,other,other-3064d8af8e,rule
podcast_rss-12b83bdb0f,podcast,https://player.soundon.fm/p/954689a5-3096-43a4-a80b-7810b219cef3/episodes/f6983297-4958-47c5-bc3c-990a9687ce2e,2026-03-04T15:12:48+08:00,股癌,EP641 | 💥,EP641 | 💥 沉默支撐躍過陌生 靜靜看著凌晨黃昏 妳的身影 失去平衡 慢慢下沉 想回到過去 🎙️本集節目由【zZSLEEPER -2°C 涼感忘憂枕】贊助播出 https://s.add.one/5hyycc Hi 這三天大家過得好嗎？大盤跌掉兩千多點，大家內心涼涼，但腦袋應該都熱到快燒壞了吧？ 如果你現在還在凌晨兩點刷 Discord、盯著夜盤心跳加速，結果隔天醒來脖子卡住、肩膀硬得像鋼鐵，那你的「睡眠基本面」已破產了。 在市場最瘋狂、血流成河的時候，投資人最需要的就是物理性的降溫與冷靜。一個頂尖的獵人，在看準時機重拳出擊前，最重要的工作就是保存體力、睡個好覺。 💤 投資是一場長跑，最好的報酬不是追到最高點，而是每天都醒得剛剛好，降兩度、忘煩惱、醒來再決定要不要 ALL IN。 zZSLEEPER 忘憂枕 -2°C 涼感忘憂枕 （全新升級款） zZSLEEPER 忘憂枕（升級頂級天絲枕套） 👉 主委聽眾專屬優惠：52 折起 https://s.add.one/5hyycc （品牌限定優惠，請使用 Fb、Line、手機號碼 登入，即可看到專屬優惠價） 股癌傳送門：https://linktr.ee/gooaye -- Hosting provided by SoundOn,EP641 | 💥 沉默支撐躍過陌生 靜靜看著凌晨黃昏 妳的身影 失去平衡 慢慢下沉 想回到過去 🎙️本集節目由【zZSLEEPER -2°C 涼感忘憂枕】贊助播出 https://s.add.one/5hyycc Hi 這三天大家過得好嗎？大盤跌掉兩千多點，大家內心涼涼，但腦袋應該都熱到快燒壞了吧？ 如果你現在還在凌晨兩點刷 Discord、盯著夜盤心跳加速，結果隔天醒來脖子卡住、肩膀硬得像鋼鐵，那你的「睡眠基本面」已破產了。 在市場最瘋狂、血流成河的時候，投資人最需要的就是物理性的降溫與冷靜。一個頂尖的獵人，在看準時機重拳出擊前，最重要的工作就是保存體力、睡個好覺。 💤 投資是一場長跑，最好的報酬不是追到最高點，而是每天都醒得剛剛好，降兩度、忘煩惱、醒來再決定要不要 ALL IN。 zZSLEEPER 忘憂枕 -2°C 涼感忘憂枕 （全新升級款） zZSLEEPER 忘憂枕（升級頂級天絲枕套） 👉 主委聽眾專屬優惠：52 折起 https://s.add.one/5hyycc （品牌限定優惠，請使用 Fb、Line、手機號碼 登入，即可看到專屬優惠價） 股癌傳送門：https://linktr.ee/gooaye -- Hosting provided by SoundOn,other,other-b57c7ce878,rule
podcast_rss-40a947230a,podcast,https://player.soundon.fm/p/954689a5-3096-43a4-a80b-7810b219cef3/episodes/360acf81-2bca-4f2f-b2b7-11647b8f10d4,2026-02-28T15:47:44+08:00,股癌,EP640 | 🐈,EP640 | 🐈 武僧又上版面了 本集節目由【NordVPN】贊助 現在搜尋 https://nordvpn.com/gooaye 或結帳時輸入股癌的專屬優惠碼【gooaye】購買2年方案＋送四個月 一個月只要一杯咖啡的價格就能取得VPN服務 還有30天試用期，不滿意可隨時取消 #NordVPN 股癌傳送門： https://linktr.ee/gooaye -- Hosting provided by SoundOn,EP640 | 🐈 武僧又上版面了 本集節目由【NordVPN】贊助 現在搜尋 https://nordvpn.com/gooaye 或結帳時輸入股癌的專屬優惠碼【gooaye】購買2年方案＋送四個月 一個月只要一杯咖啡的價格就能取得VPN服務 還有30天試用期，不滿意可隨時取消 #NordVPN 股癌傳送門： https://linktr.ee/gooaye -- Hosting provided by SoundOn,other,other-6a15e91f9e,rule
podcast_rss-4a4706848e,podcast,https://player.soundon.fm/p/954689a5-3096-43a4-a80b-7810b219cef3/episodes/cf179ea7-36e0-467d-abca-8b10f191d4f3,2026-02-25T16:29:59+08:00,股癌,EP639 | 🐗,EP639 | 🐗 這圖片不知道是怎樣 本集節目由 HJJ GO 贊助 2026的盤勢至今為止讓很多人難以掌握節奏。 其實投資做到最後，拼的就是四個字 - 「決策品質」 你能不能在局勢混亂的時候，還能冷靜判斷勝率跟賠率，並做出最適合你當下狀態的投資決策？ 而我認為圍棋，可能就是訓練判斷力的最強工具之一 今天要推薦的HJJ GO 在我看來就是為了現代人設計的「決策回測系統」 很多快樂寶貝不敢學圍棋是因為怕太難、怕被電， 或覺得圍棋是那種天才或是聰明人才能學的高門檻才藝。 但在HJJ GO的玩學APP中，完全不用擔心，零基礎也能輕鬆上手。 跟一般市面線上課程只是單純看影片不一樣，HJJ GO是真正在意學習者有沒有在進步的。 買課後，你可以擁有一整個完整的學習APP，學、練、玩一站式完成。 HJJ GO最強的就已經由台灣AI工程團隊訓練超過10年的 Goer AI 陪練系統， 這東西很猛，下完每盤棋都會直接畫出「勝率變化圖」給你看， 這邏輯跟做交易回測一模一樣。 你的勝率在哪一手開始跳水？ 哪一步決策讓你從順風局變成爛尾？ 讓你透過覆盤去看見盲點、修正邏輯，等於是人人都可以擁有自己的佐為。 APP中還有上千支AI角色， 無論你的棋力在哪一個水平， Goer AI都有效降維，讓你隨時都能和「恰恰好」的AI對手下棋、 這種恰恰好的對練，正是進入心流的重要關鍵， 讓每一個進藤光都能找到他的塔矢亮。 學習圍棋有一個最重要的領悟就是「學會棄子」。 這對投資人超重要，很多時候你賠大錢就是因為不想輸、死不認錯、在那邊凹單。 在圍棋裡，棄子是為了保全大局，最重要的永遠都是下一步該怎麼走？ 這種「輸得起、不凹單」的觀念，是我覺得圍棋最珍貴的價值，也是我希望諾亞和安哥以後能有的觀念。黑嘉嘉圍棋全台都有實體教室，雖然他們現在還太小、正是電力無窮的半獸人階段，等他們再大一點，也許會帶他們體驗看看那種手摸棋盤、和其他孩子們面對面對弈的感覺。 而在那之前，這款學習 App 就是最好的入門。 對父母來說最爽的是，它的兒童課程是全動畫設計， 小朋友自己就會盯著看、自己學，爸媽在旁邊陪著小朋友一起練腦袋， 見證小朋友變強的瞬間，並用圍棋來建立共同回憶～ 學完之後，還有「齊天大聖」、「小時候的黑嘉嘉」這類 AI 角色陪他下棋。 透過跟 AI 對戰，讓小朋友提早習慣失敗，並且透過覆盤去想「為什麼輸」。 這種當下立即的回饋，能訓練出強大的抗壓性，這比學會什麼複雜才藝都來得實際。 黑嘉嘉圍棋預計在 2026 年會陸續升級課程並調漲價格，3/3 前購課享有全站課程85折的優惠，現在入手的人，之後可以「免費升級」到新版內容。意思是現在買就是地板價，之後內容升級你直接賺到。 這是一堂可以練心性、練邏輯，大人小孩都能用的課。 不管是要自己練大腦，還是要買給小孩當禮物，現在就是最好的進場點。 折扣碼輸入『 GooayeGo500 』(~3/30)，除了全站折扣外，指定課程再折 500 元。 給自己一個思維升級的機會。 大人零基礎課程連結：https://link.heijiajia.com.tw/gooayego 小朋友學習推薦：https://link.heijiajia.com.tw/gooayechiid 股癌傳送門：https://linktr.ee/gooaye -- Hosting provided by SoundOn,EP639 | 🐗 這圖片不知道是怎樣 本集節目由 HJJ GO 贊助 2026的盤勢至今為止讓很多人難以掌握節奏。 其實投資做到最後，拼的就是四個字 - 「決策品質」 你能不能在局勢混亂的時候，還能冷靜判斷勝率跟賠率，並做出最適合你當下狀態的投資決策？ 而我認為圍棋，可能就是訓練判斷力的最強工具之一 今天要推薦的HJJ GO 在我看來就是為了現代人設計的「決策回測系統」 很多快樂寶貝不敢學圍棋是因為怕太難、怕被電， 或覺得圍棋是那種天才或是聰明人才能學的高門檻才藝。 但在HJJ GO的玩學APP中，完全不用擔心，零基礎也能輕鬆上手。 跟一般市面線上課程只是單純看影片不一樣，HJJ GO是真正在意學習者有沒有在進步的。 買課後，你可以擁有一整個完整的學習APP，學、練、玩一站式完成。 HJJ GO最強的就已經由台灣AI工程團隊訓練超過10年的 Goer AI 陪練系統， 這東西很猛，下完每盤棋都會直接畫出「勝率變化圖」給你看， 這邏輯跟做交易回測一模一樣。 你的勝率在哪一手開始跳水？ 哪一步決策讓你從順風局變成爛尾？ 讓你透過覆盤去看見盲點、修正邏輯，等於是人人都可以擁有自己的佐為。 APP中還有上千支AI角色， 無論你的棋力在哪一個水平， Goer AI都有效降維，讓你隨時都能和「恰恰好」的AI對手下棋、 這種恰恰好的對練，正是進入心流的重要關鍵， 讓每一個進藤光都能找到他的塔矢亮。 學習圍棋有一個最重要的領悟就是「學會棄子」。 這對投資人超重要，很多時候你賠大錢就是因為不想輸、死不認錯、在那邊凹單。 在圍棋裡，棄子是為了保全大局，最重要的永遠都是下一步該怎麼走？ 這種「輸得起、不凹單」的觀念，是我覺得圍棋最珍貴的價值，也是我希望諾亞和安哥以後能有的觀念。黑嘉嘉圍棋全台都有實體教室，雖然他們現在還太小、正是電力無窮的半獸人階段，等他們再大一點，也許會帶他們體驗看看那種手摸棋盤、和其他孩子們面對面對弈的感覺。 而在那之前，這款學習 App 就是最好的入門。 對父母來說最爽的是，它的兒童課程是全動畫設計， 小朋友自己就會盯著看、自己學，爸媽在旁邊陪著小朋友一起練腦袋， 見證小朋友變強的瞬間，並用圍棋來建立共同回憶～ 學完之後，還有「齊天大聖」、「小時候的黑嘉嘉」這類 AI 角色陪他下棋。 透過跟 AI 對戰，讓小朋友提早習慣失敗，並且透過覆盤去想「為什麼輸」。 這種當下立即的回饋，能訓練出強大的抗壓性，這比學會什麼複雜才藝都來得實際。 黑嘉嘉圍棋預計在 2026 年會陸續升級課程並調漲價格，3/3 前購課享有全站課程85折的優惠，現在入手的人，之後可以「免費升級」到新版內容。意思是現在買就是地板價，之後內容升級你直接賺到。 這是一堂可以練心性、練邏輯，大人小孩都能用的課。 不管是要自己練大腦，還是要買給小孩當禮物，現在就是最好的進場點。 折扣碼輸入『 GooayeGo500 』(~3/30)，除了全站折扣外，指定課程再折 500 元。 給自己一個思維升級的機會。 大人零基礎課程連結：https://link.heijiajia.com.tw/gooayego 小朋友學習推薦：https://link.heijiajia.com.tw/gooayechiid 股癌傳送門：https://linktr.ee/gooaye -- Hosting provided by SoundOn,sentiment,sentiment-aa8f0efcd1,rule
podcast_rss-e8165d55fe,podcast,https://player.soundon.fm/p/954689a5-3096-43a4-a80b-7810b219cef3/episodes/a3e323bd-6f41-4cb6-8c7e-4b1106a2e2ad,2026-02-21T13:38:10+08:00,股癌,EP638 | 🐈‍⬛,EP638 | 🐈‍⬛ 應該會發作 Dr.情趣【 TASLA特濕拉 電動按摩棒系列 】 社群討論度NO.1的話題猛獸🔥姊妹們的快樂神器！ 快跟上這波「特濕拉」的電動化革命！ 👑 特濕拉 智能加溫脈衝按摩棒 總銷量破萬的王者就是它！獨家的「磁力脈衝短抽插」技術，帶來短捷有力的強烈衝撞感，搭配內外雙馬達的雙重饗宴，妳身體的每個秘密，它比妳更懂！ 👑 特濕拉 Model Sucks 吮吸拍打伸縮內外雙震按摩棒 堪稱業界最全能的按摩棒！它集結了「吸、舔、吮、震、頂」所有功能於一身，還能替換三種不同頭套解鎖新世界。伸縮衝刺與強力吸吮同步啟動，體驗一場被溫柔與激情徹底包圍的失控快感！ 現在就用專屬折扣碼【 GOOAYE520 】特濕拉全系列直接85折！ 小孩才做選擇！大人我全都要！快把兩個老公都帶回家😏 特濕拉傳送門： https://drqqtoys.tw/GvCPg 股癌傳送門： https://linktr.ee/gooaye -- Hosting provided by SoundOn,EP638 | 🐈‍⬛ 應該會發作 Dr.情趣【 TASLA特濕拉 電動按摩棒系列 】 社群討論度NO.1的話題猛獸🔥姊妹們的快樂神器！ 快跟上這波「特濕拉」的電動化革命！ 👑 特濕拉 智能加溫脈衝按摩棒 總銷量破萬的王者就是它！獨家的「磁力脈衝短抽插」技術，帶來短捷有力的強烈衝撞感，搭配內外雙馬達的雙重饗宴，妳身體的每個秘密，它比妳更懂！ 👑 特濕拉 Model Sucks 吮吸拍打伸縮內外雙震按摩棒 堪稱業界最全能的按摩棒！它集結了「吸、舔、吮、震、頂」所有功能於一身，還能替換三種不同頭套解鎖新世界。伸縮衝刺與強力吸吮同步啟動，體驗一場被溫柔與激情徹底包圍的失控快感！ 現在就用專屬折扣碼【 GOOAYE520 】特濕拉全系列直接85折！ 小孩才做選擇！大人我全都要！快把兩個老公都帶回家😏 特濕拉傳送門： https://drqqtoys.tw/GvCPg 股癌傳送門： https://linktr.ee/gooaye -- Hosting provided by SoundOn,other,other-7b33c6eb49,rule
podcast_rss-736023dc94,podcast,https://player.soundon.fm/p/954689a5-3096-43a4-a80b-7810b219cef3/episodes/7ce8b868-cf8f-44ec-8157-b33fd99eaa39,2026-02-18T15:46:24+08:00,股癌,EP637 | 🦖,EP637 | 🦖 改名很軟 本集節目由【AWSON 八電極家用體脂計】贊助 https://s.add.one/8qch7r 你各位整天在算 CAGR、算複利，想著幾年後要財富自由，如果你沒有一個健康的身體，那些複利最後都是留給別人在花的，很多人盤後複盤做得比誰都勤，但自己的體檢報告卻不敢看，這就是典型的『逃避現實』，這台就是來幫你做身體的 Due Diligence。 ．八電極測量技術：分析四肢與軀幹，提供 58項數據（含體脂、肌肉量等） ．精準六圍追蹤：精準測量頸圍、上臂圍、胸圍、腰圍、臀圍、大腿圍 ．APP同步：數據自動上傳，生成圖表與建議，趨勢清晰可見 ．伸縮式手把：測量穩定，自動回收，收納便利 ．抱嬰模式：抱著寶寶測量，自動扣除成人體重 新年新希望不要只是喊口號，與其對著脂肪凹單，不如現在就用科學數據管理體態，現在就點擊下方資訊欄連結，使用 FB 或 Line 登入享專屬優惠，把這台帶回家，還可以加購泡腳桶，運動後泡個腳放鬆肌肉。 優化人生最重要的投資 https://s.add.one/8qch7r 股癌傳送門：https://linktr.ee/gooaye -- Hosting provided by SoundOn,EP637 | 🦖 改名很軟 本集節目由【AWSON 八電極家用體脂計】贊助 https://s.add.one/8qch7r 你各位整天在算 CAGR、算複利，想著幾年後要財富自由，如果你沒有一個健康的身體，那些複利最後都是留給別人在花的，很多人盤後複盤做得比誰都勤，但自己的體檢報告卻不敢看，這就是典型的『逃避現實』，這台就是來幫你做身體的 Due Diligence。 ．八電極測量技術：分析四肢與軀幹，提供 58項數據（含體脂、肌肉量等） ．精準六圍追蹤：精準測量頸圍、上臂圍、胸圍、腰圍、臀圍、大腿圍 ．APP同步：數據自動上傳，生成圖表與建議，趨勢清晰可見 ．伸縮式手把：測量穩定，自動回收，收納便利 ．抱嬰模式：抱著寶寶測量，自動扣除成人體重 新年新希望不要只是喊口號，與其對著脂肪凹單，不如現在就用科學數據管理體態，現在就點擊下方資訊欄連結，使用 FB 或 Line 登入享專屬優惠，把這台帶回家，還可以加購泡腳桶，運動後泡個腳放鬆肌肉。 優化人生最重要的投資 https://s.add.one/8qch7r 股癌傳送門：https://linktr.ee/gooaye -- Hosting provided by SoundOn,other,other-e34954c52d,rule
podcast_rss-17321c6949,podcast,https://player.soundon.fm/p/954689a5-3096-43a4-a80b-7810b219cef3/episodes/2f039b42-858c-4a6e-abb5-7cb1c1c4e9e4,2026-02-14T13:51:16+08:00,股癌,EP636 | 🐚,EP636 | 🐚 改名卡珊卓不知是命中缺什麼 本集節目由【NordVPN】贊助 現在搜尋 https://nordvpn.com/gooaye 或結帳時輸入股癌的專屬優惠碼【gooaye】購買2年方案＋送四個月 一個月只要一杯咖啡的價格就能取得VPN服務 還有30天試用期，不滿意可隨時取消 #NordVPN 股癌傳送門： https://linktr.ee/gooaye -- Hosting provided by SoundOn,EP636 | 🐚 改名卡珊卓不知是命中缺什麼 本集節目由【NordVPN】贊助 現在搜尋 https://nordvpn.com/gooaye 或結帳時輸入股癌的專屬優惠碼【gooaye】購買2年方案＋送四個月 一個月只要一杯咖啡的價格就能取得VPN服務 還有30天試用期，不滿意可隨時取消 #NordVPN 股癌傳送門： https://linktr.ee/gooaye -- Hosting provided by SoundOn,other,other-bb6bd680b4,rule
podcast_rss-37830770ea,podcast,https://player.soundon.fm/p/954689a5-3096-43a4-a80b-7810b219cef3/episodes/516b39db-a2cf-4864-8c96-dd03387ef6d7,2026-02-11T16:29:13+08:00,股癌,EP635 | 🌴,"EP635 | 🌴 本次過年大夥很勇 益生菌百百種，常常不知道怎麼選哪款益生菌是最有效嗎? 善存3效順暢益生菌，雙專利益生菌添加鳳梨酵素，順暢消化好體質，一包三效，有酵才推薦！ 善存70年專業品牌，這款3效順暢益生菌，「雙專利益生菌、搭配鳳梨酵素」幫助你養出消化道好環境#。雙專利益生菌^，讓你代謝順暢#，大大乾淨，維持健康，人自然年輕；還有添加鳳梨酵素，加速分解蛋白質，消化更有感，有酵才敢推薦給你。 另外，善存還有舒眠益生菌，食品級植萃成份，擁有五大晚安因子：添加專利舒眠番紅花*、多國專利益生菌**、GABA***、芝麻素****、色胺酸等，可以幫助放鬆、好入睡！讓你天天吃好安心，想睡就睡、睡醒精神好^^! 好菌天天吃，養成好體質，天天精神好。投資財富靠自己，投資健康就讓善存來幫你！ 新春甚麼攏馬順! 益生菌限定優惠! 即日起到2/28 止, 上momo購買善存/挺立/克補保健產品滿2499就送3效順暢益生菌粉末顆粒40包一盒! 好吃又有效益生菌滿額免費送給你! #改變細菌叢生態、維持消化道機能、調整體質 ^係指Lactobacillus paracasei、Bifidobacterium lactis、Lactobacillus plantarum之專利 ‘維持消化道機能, 維持健康 *植萃番紅花萃取物 **日本、中華民國、美國、中國 ***麩胺酸發酵物(含GABA) ****芝麻萃取物(含芝麻素) ^^晚上幫助入睡、白天精神旺盛 PM-TW-CNT-26-00012 股癌傳送門：linktr.ee/gooaye -- Hosting provided by SoundOn","EP635 | 🌴 本次過年大夥很勇 益生菌百百種，常常不知道怎麼選哪款益生菌是最有效嗎? 善存3效順暢益生菌，雙專利益生菌添加鳳梨酵素，順暢消化好體質，一包三效，有酵才推薦！ 善存70年專業品牌，這款3效順暢益生菌，「雙專利益生菌、搭配鳳梨酵素」幫助你養出消化道好環境#。雙專利益生菌^，讓你代謝順暢#，大大乾淨，維持健康，人自然年輕；還有添加鳳梨酵素，加速分解蛋白質，消化更有感，有酵才敢推薦給你。 另外，善存還有舒眠益生菌，食品級植萃成份，擁有五大晚安因子：添加專利舒眠番紅花*、多國專利益生菌**、GABA***、芝麻素****、色胺酸等，可以幫助放鬆、好入睡！讓你天天吃好安心，想睡就睡、睡醒精神好^^! 好菌天天吃，養成好體質，天天精神好。投資財富靠自己，投資健康就讓善存來幫你！ 新春甚麼攏馬順! 益生菌限定優惠! 即日起到2/28 止, 上momo購買善存/挺立/克補保健產品滿2499就送3效順暢益生菌粉末顆粒40包一盒! 好吃又有效益生菌滿額免費送給你! #改變細菌叢生態、維持消化道機能、調整體質 ^係指Lactobacillus paracasei、Bifidobacterium lactis、Lactobacillus plantarum之專利 ‘維持消化道機能, 維持健康 *植萃番紅花萃取物 **日本、中華民國、美國、中國 ***麩胺酸發酵物(含GABA) ****芝麻萃取物(含芝麻素) ^^晚上幫助入睡、白天精神旺盛 PM-TW-CNT-26-00012 股癌傳送門：linktr.ee/gooaye -- Hosting provided by SoundOn",other,other-6f6e613dba,rule
podcast_rss-79f0f4c475,podcast,https://player.soundon.fm/p/954689a5-3096-43a4-a80b-7810b219cef3/episodes/6a5792f4-34cf-4acf-a897-71acdddd46ff,2026-02-07T16:09:51+08:00,股癌,EP634 | 👻,EP634 | 👻 美國人你… 本集節目由【CashBack返多多】贊助 股市漲漲跌跌獲利難預料，但購物回饋返利你可以更精打細算！ 買東西的第一站，我選 CashBack 返多多 ！ 不需要研究複雜的規則，這裡主打的就是：直覺、簡單、拿現金。 買東西就選 CashBack返多多！ CashBack返多多是由綠界科技、一卡通、街口與Pi錢包共同合作的全新返利平台，主打「怎麼付都能輕鬆拿回饋」，讓消費返利變得更直覺、更簡單。 🔥 【二月限定・回饋接力戰】 商品從內在美到精選美食通通有，限定 10% 現金回饋，愛自己愛惜荷包才是正解！ 2/21 正式開工： 指定期間下單，CashBack 返多多 請你喝馬年第一杯咖啡！ 直接拿回現金才是王道！ CashBack 返多多官方網站： https://cashback.tw/u9fvb 股癌傳送門：https://linktr.ee/gooaye -- Hosting provided by SoundOn,EP634 | 👻 美國人你… 本集節目由【CashBack返多多】贊助 股市漲漲跌跌獲利難預料，但購物回饋返利你可以更精打細算！ 買東西的第一站，我選 CashBack 返多多 ！ 不需要研究複雜的規則，這裡主打的就是：直覺、簡單、拿現金。 買東西就選 CashBack返多多！ CashBack返多多是由綠界科技、一卡通、街口與Pi錢包共同合作的全新返利平台，主打「怎麼付都能輕鬆拿回饋」，讓消費返利變得更直覺、更簡單。 🔥 【二月限定・回饋接力戰】 商品從內在美到精選美食通通有，限定 10% 現金回饋，愛自己愛惜荷包才是正解！ 2/21 正式開工： 指定期間下單，CashBack 返多多 請你喝馬年第一杯咖啡！ 直接拿回現金才是王道！ CashBack 返多多官方網站： https://cashback.tw/u9fvb 股癌傳送門：https://linktr.ee/gooaye -- Hosting provided by SoundOn,risk_control,risk_control-2996d616c8,rule
podcast_rss-f4f3a889b8,podcast,https://player.soundon.fm/p/954689a5-3096-43a4-a80b-7810b219cef3/episodes/e511ab59-5e81-461a-896b-915a76e346e3,2026-02-04T16:04:52+08:00,股癌,EP633 | 🪢,EP633 | 🪢 很搖 現在只要下載 Saily APP，在結帳時輸入優惠代碼 [gooaye]，或透過資訊欄專屬連結： https://saily.com/gooaye 購買方案即享有 85 折的專屬優惠。 #SailyeSIM 股癌傳送門： https://linktr.ee/gooaye -- Hosting provided by SoundOn,EP633 | 🪢 很搖 現在只要下載 Saily APP，在結帳時輸入優惠代碼 [gooaye]，或透過資訊欄專屬連結： https://saily.com/gooaye 購買方案即享有 85 折的專屬優惠。 #SailyeSIM 股癌傳送門： https://linktr.ee/gooaye -- Hosting provided by SoundOn,other,other-286eec97cb,rule
podcast_rss-6ff88554c9,podcast,https://player.soundon.fm/p/954689a5-3096-43a4-a80b-7810b219cef3/episodes/ecfd5a72-ac6b-4630-ae57-f5128f002ed7,2026-01-31T16:30:37+08:00,股癌,EP632 | ❄️,"EP632 | ❄️ 大場面ㄟ 忙了一整年讓你的活力、氣色和以前有差嗎？ 過年這麼多聚會，想要維持好狀態、完勝別人，記得平常就要好好給身體豐富的養分喔! 新的一年就靠「善存」， 只要一天一錠輕鬆補充22種人體必需的營養素， 更針對性別、年齡設計專屬配方，給你6大年輕狀態*： 好活力💪 好氣色🌟 思緒清晰💡 好代謝💫 好入睡💤 保護健康🤩 善存70年營養科學佐證，愛用者親身感受 ^^ 讓你擁有好活力、好氣色！年輕狀態開紅盤！ 也別忘了年節送禮用「銀寶善存」照顧長輩，守護全家人的健康！ 提供股癌聽眾驚喜價，超殺優惠再送COLD STONE禮券！ 年前最後一檔，買起來！ 🛒 男女善存 https://www.momoshop.com.tw/goods/GoodsDetail.jsp?i_code=10823541 🛒 銀寶善存 https://www.momoshop.com.tw/goods/GoodsDetail.jsp?i_code=10823866 ---------------- *青春美麗、增強體力、幫助入睡、促進新陳代謝、維生素B1有助神經系統正常功能、精神旺盛 ^^根據 IQVIA Solutions Asia Pte. Ltd. 於2024年3月之調查，400位食用善存綜合維他命之受試者中，93%針對""使用善存綜合維他命，讓我維持好精神/好氣色/好體力/好入睡/思緒清晰/代謝好"" 至少其中一項給予同意或完全同意之評分 ✦此篇文章由善存品牌贊助。對於善存產品有任何疑問，請撥打消費者免費專線 0800-212-259。【PM-TW-CNT-26-00006】 股癌傳送門： https://linktr.ee/gooaye -- Hosting provided by SoundOn","EP632 | ❄️ 大場面ㄟ 忙了一整年讓你的活力、氣色和以前有差嗎？ 過年這麼多聚會，想要維持好狀態、完勝別人，記得平常就要好好給身體豐富的養分喔! 新的一年就靠「善存」， 只要一天一錠輕鬆補充22種人體必需的營養素， 更針對性別、年齡設計專屬配方，給你6大年輕狀態*： 好活力💪 好氣色🌟 思緒清晰💡 好代謝💫 好入睡💤 保護健康🤩 善存70年營養科學佐證，愛用者親身感受 ^^ 讓你擁有好活力、好氣色！年輕狀態開紅盤！ 也別忘了年節送禮用「銀寶善存」照顧長輩，守護全家人的健康！ 提供股癌聽眾驚喜價，超殺優惠再送COLD STONE禮券！ 年前最後一檔，買起來！ 🛒 男女善存 https://www.momoshop.com.tw/goods/GoodsDetail.jsp?i_code=10823541 🛒 銀寶善存 https://www.momoshop.com.tw/goods/GoodsDetail.jsp?i_code=10823866 ---------------- *青春美麗、增強體力、幫助入睡、促進新陳代謝、維生素B1有助神經系統正常功能、精神旺盛 ^^根據 IQVIA Solutions Asia Pte. Ltd. 於2024年3月之調查，400位食用善存綜合維他命之受試者中，93%針對""使用善存綜合維他命，讓我維持好精神/好氣色/好體力/好入睡/思緒清晰/代謝好"" 至少其中一項給予同意或完全同意之評分 ✦此篇文章由善存品牌贊助。對於善存產品有任何疑問，請撥打消費者免費專線 0800-212-259。【PM-TW-CNT-26-00006】 股癌傳送門： https://linktr.ee/gooaye -- Hosting provided by SoundOn",other,other-7e951079db,rule
podcast_rss-ad55367772,podcast,https://player.soundon.fm/p/954689a5-3096-43a4-a80b-7810b219cef3/episodes/a9201652-a419-4a3c-a9f9-e6a09d91f976,2026-01-28T15:52:15+08:00,股癌,EP631 | 🎁,EP631 | 🎁 飛到太空游泳 繞著月亮潛入地球 駭到過頭想保留永久 腦袋一直找著出口 #AD 大家應該知道我最近開始會喝一點，特別是那種半夜收盤或小孩睡了之後， 自己倒一杯真的蠻爽的。 說到喝的，今天跟大家聊聊慕赫（Mortlach）。 慕赫最厲害的就是它的2.81 蒸餾工藝，創造出獨特肉脂風味 這次他們出的新年禮盒，外觀是用那種深邃午夜藍，搭配流動感很強的駿馬圖騰。 明年馬年嘛，這東西你拿去送長輩或客戶，對方一看就知道你是有在做功課、有品味的，可不是隨便盲選！ 簡單講一下這兩支的差別，大家自己看需求： * 慕赫 16 年- 新春臻藏版 這支就是給那種喜歡「厚度」的人。 喝起來圓潤飽滿，中間夾一點蜂蜜的甜再帶出肉脂風味，層次感給得很足。 如果你預算夠，想找一支沒什麼好挑剔的，選這款就對了。 我知道很多人對威士忌的印象還停留在很辣、很難入口的階段， 但慕赫16年真的是滿驚豔的，完全顛覆印象 這款我喜歡搭配個牛排一起用，超級對味！ * 慕赫 12 年- 新春臻藏版 這支比較有趣，它帶一點焦糖布丁跟熱帶水果的味道，是帶有果香跟鹹鮮的肉脂鮮味。 如果你不確定對方的飲酒習慣，12 年的適配度很高，送這瓶基本絕對安全 現在指定通路都已經開賣了 過年送禮如果你還在猶豫， 別在那邊糾結了，慕赫拿出去就是剛好而已， 收到的人絕對會覺得你很懂喝、很有品味。 連結附上： 慕赫 16 年- 新春臻藏版： https://reurl.cc/xKbWAb 慕赫 12 年- 新春臻藏版： https://reurl.cc/jm4621 #慕赫單一麥芽威士忌 #慕赫2.81 #Mortlach #慕赫新春臻藏版 #慕新春赫新運 【禁止酒駕，酒後找代駕平安送到家】 【本文內容涉及酒類產品促銷訊息，請勿轉發給未達法定購買年齡者】 股癌傳送門： https://linktr.ee/gooaye -- Hosting provided by SoundOn,EP631 | 🎁 飛到太空游泳 繞著月亮潛入地球 駭到過頭想保留永久 腦袋一直找著出口 #AD 大家應該知道我最近開始會喝一點，特別是那種半夜收盤或小孩睡了之後， 自己倒一杯真的蠻爽的。 說到喝的，今天跟大家聊聊慕赫（Mortlach）。 慕赫最厲害的就是它的2.81 蒸餾工藝，創造出獨特肉脂風味 這次他們出的新年禮盒，外觀是用那種深邃午夜藍，搭配流動感很強的駿馬圖騰。 明年馬年嘛，這東西你拿去送長輩或客戶，對方一看就知道你是有在做功課、有品味的，可不是隨便盲選！ 簡單講一下這兩支的差別，大家自己看需求： * 慕赫 16 年- 新春臻藏版 這支就是給那種喜歡「厚度」的人。 喝起來圓潤飽滿，中間夾一點蜂蜜的甜再帶出肉脂風味，層次感給得很足。 如果你預算夠，想找一支沒什麼好挑剔的，選這款就對了。 我知道很多人對威士忌的印象還停留在很辣、很難入口的階段， 但慕赫16年真的是滿驚豔的，完全顛覆印象 這款我喜歡搭配個牛排一起用，超級對味！ * 慕赫 12 年- 新春臻藏版 這支比較有趣，它帶一點焦糖布丁跟熱帶水果的味道，是帶有果香跟鹹鮮的肉脂鮮味。 如果你不確定對方的飲酒習慣，12 年的適配度很高，送這瓶基本絕對安全 現在指定通路都已經開賣了 過年送禮如果你還在猶豫， 別在那邊糾結了，慕赫拿出去就是剛好而已， 收到的人絕對會覺得你很懂喝、很有品味。 連結附上： 慕赫 16 年- 新春臻藏版： https://reurl.cc/xKbWAb 慕赫 12 年- 新春臻藏版： https://reurl.cc/jm4621 #慕赫單一麥芽威士忌 #慕赫2.81 #Mortlach #慕赫新春臻藏版 #慕新春赫新運 【禁止酒駕，酒後找代駕平安送到家】 【本文內容涉及酒類產品促銷訊息，請勿轉發給未達法定購買年齡者】 股癌傳送門： https://linktr.ee/gooaye -- Hosting provided by SoundOn,sentiment,sentiment-b9a8a354a2,rule
podcast_rss-4a569b5a59,podcast,https://player.soundon.fm/p/954689a5-3096-43a4-a80b-7810b219cef3/episodes/5fbff599-9897-422a-812f-479eb0d75bd1,2026-01-24T14:56:56+08:00,股癌,EP630 | ⭐,EP630 | ⭐ 馬爸換角度凱瑞 本集節目由【NordVPN】贊助 現在搜尋 https://nordvpn.com/gooaye 或結帳時輸入股癌的專屬優惠碼【gooaye】購買2年方案＋送四個月 一個月只要一杯咖啡的價格就能取得VPN服務 還有30天試用期，不滿意可隨時取消 #NordVPN 股癌傳送門：https://linktr.ee/gooaye -- Hosting provided by SoundOn,EP630 | ⭐ 馬爸換角度凱瑞 本集節目由【NordVPN】贊助 現在搜尋 https://nordvpn.com/gooaye 或結帳時輸入股癌的專屬優惠碼【gooaye】購買2年方案＋送四個月 一個月只要一杯咖啡的價格就能取得VPN服務 還有30天試用期，不滿意可隨時取消 #NordVPN 股癌傳送門：https://linktr.ee/gooaye -- Hosting provided by SoundOn,other,other-0823093c63,rule
podcast_rss-1db1059fc7,podcast,https://player.soundon.fm/p/954689a5-3096-43a4-a80b-7810b219cef3/episodes/9fac46fa-8c5d-4573-9caf-4d48c8f92901,2026-01-21T16:29:40+08:00,股癌,EP629 | ⏳,"EP629 | ⏳ 突然抽一下 股粉 VIP 專屬，桂格天地合補這裡買現省 $1,304：【5X人蔘+葉黃素補氣晶亮組】 限時專屬優惠 (01/15 - 02/28) 立即下單： https://reurl.cc/7bWD2k 2026 新年送禮首選：健康就是最好的投資！ 市佔第一的保健飲領導品牌【桂格天地合補】，我全家都在喝。推薦給每天數位投 資、高強度工作的族群，隨時補充維持戰力。 Costco 限時活動：5X 人蔘濃縮飲即日起至 2/8 限時折 $350。 https://reurl.cc/KOvRE9 【桂格補氣】 5X 人蔘濃縮精華飲：100% 五倍人蔘濃縮精華，非短暫提神，而是給 你「持續好精神」。想突破自己、執行挑戰，你需要強大體力陪你奔向無限可能！ 【天地合補晶亮】金盞花葉黃素濃縮飲：長時間投資，需要更好的葉黃素飲。每份 20mg 游離型葉黃素 + 3D 玻尿酸鈉*，實驗證實有感提升晶亮度 81.1%**。有助數位 族群舒服有感、沽溜一整天！ *玻尿酸鈉來自雞冠萃取物 (含透明質酸鈉) **天地合補金盞花葉黃素濃縮飲歷經18個月實驗證實，能提升晶亮度81.1%。 股癌傳送門： https://linktr.ee/gooaye -- Hosting provided by SoundOn","EP629 | ⏳ 突然抽一下 股粉 VIP 專屬，桂格天地合補這裡買現省 $1,304：【5X人蔘+葉黃素補氣晶亮組】 限時專屬優惠 (01/15 - 02/28) 立即下單： https://reurl.cc/7bWD2k 2026 新年送禮首選：健康就是最好的投資！ 市佔第一的保健飲領導品牌【桂格天地合補】，我全家都在喝。推薦給每天數位投 資、高強度工作的族群，隨時補充維持戰力。 Costco 限時活動：5X 人蔘濃縮飲即日起至 2/8 限時折 $350。 https://reurl.cc/KOvRE9 【桂格補氣】 5X 人蔘濃縮精華飲：100% 五倍人蔘濃縮精華，非短暫提神，而是給 你「持續好精神」。想突破自己、執行挑戰，你需要強大體力陪你奔向無限可能！ 【天地合補晶亮】金盞花葉黃素濃縮飲：長時間投資，需要更好的葉黃素飲。每份 20mg 游離型葉黃素 + 3D 玻尿酸鈉*，實驗證實有感提升晶亮度 81.1%**。有助數位 族群舒服有感、沽溜一整天！ *玻尿酸鈉來自雞冠萃取物 (含透明質酸鈉) **天地合補金盞花葉黃素濃縮飲歷經18個月實驗證實，能提升晶亮度81.1%。 股癌傳送門： https://linktr.ee/gooaye -- Hosting provided by SoundOn",other,other-854ebf239d,rule
podcast_rss-5d7028cc63,podcast,https://player.soundon.fm/p/954689a5-3096-43a4-a80b-7810b219cef3/episodes/dd94e2c2-33b3-4965-b0bb-8d5cbbcb48e1,2026-01-17T16:40:55+08:00,股癌,EP628 | 🍑,EP628 | 🍑 我愛梅里 本集節目由【NordVPN】贊助 現在搜尋 https://nordvpn.com/gooaye 或結帳時輸入股癌的專屬優惠碼【gooaye】購買2年方案＋送四個月 一個月只要一杯咖啡的價格就能取得VPN服務 還有30天試用期，不滿意可隨時取消 #NordVPN 股癌傳送門：http://linktr.ee/gooaye -- Hosting provided by SoundOn,EP628 | 🍑 我愛梅里 本集節目由【NordVPN】贊助 現在搜尋 https://nordvpn.com/gooaye 或結帳時輸入股癌的專屬優惠碼【gooaye】購買2年方案＋送四個月 一個月只要一杯咖啡的價格就能取得VPN服務 還有30天試用期，不滿意可隨時取消 #NordVPN 股癌傳送門：http://linktr.ee/gooaye -- Hosting provided by SoundOn,other,other-dfa6795858,rule
podcast_rss-1c29051938,podcast,https://player.soundon.fm/p/954689a5-3096-43a4-a80b-7810b219cef3/episodes/f7d4cf06-84f4-42e2-aa88-a8aada4c209c,2026-01-14T16:13:16+08:00,股癌,EP627 | 🪸,EP627 | 🪸 那個工程師還在 去年這個時間 一樣是眠豆腐 一樣是台股進入封關倒數 不一樣的，是眠豆腐2.0 已再度進化升級到3.0 感謝所有眠友，以行動支持我們不斷改版 也可能是深蹲獨立筒+肉鬆豆腐棉太厲害 眠豆腐3.0上市後，創下了史上最佳的單月銷售額 升級的豆腐、感恩的心、不變的價格 在此立下年末的承諾： 1/31前下單，保證農曆年前送達 1/31前下單，保證農曆年前送達 今年的冬天來得晚 眠豆腐 眠被窩 現在買還不算晚 取自登山衣概念的礦物纖維和鋁金屬無紡布 把人體熱輻射留下，濕氣排出 一蓋上，蓬鬆又剛剛好的重量感 如同兒時記憶的安穩被窩 台灣設計製造，可直接機洗，乾淨又安心 不用輸入折扣碼 官網就有合購優惠 兩件就有折、四件更便宜 一起冬購，溫暖don’t go 新的一年 新的豆腐 是給自己與家人最好的祝福 https://link.sleepytofu.com/gooaye 股癌傳送門： https://linktr.ee/gooaye -- Hosting provided by SoundOn,EP627 | 🪸 那個工程師還在 去年這個時間 一樣是眠豆腐 一樣是台股進入封關倒數 不一樣的，是眠豆腐2.0 已再度進化升級到3.0 感謝所有眠友，以行動支持我們不斷改版 也可能是深蹲獨立筒+肉鬆豆腐棉太厲害 眠豆腐3.0上市後，創下了史上最佳的單月銷售額 升級的豆腐、感恩的心、不變的價格 在此立下年末的承諾： 1/31前下單，保證農曆年前送達 1/31前下單，保證農曆年前送達 今年的冬天來得晚 眠豆腐 眠被窩 現在買還不算晚 取自登山衣概念的礦物纖維和鋁金屬無紡布 把人體熱輻射留下，濕氣排出 一蓋上，蓬鬆又剛剛好的重量感 如同兒時記憶的安穩被窩 台灣設計製造，可直接機洗，乾淨又安心 不用輸入折扣碼 官網就有合購優惠 兩件就有折、四件更便宜 一起冬購，溫暖don’t go 新的一年 新的豆腐 是給自己與家人最好的祝福 https://link.sleepytofu.com/gooaye 股癌傳送門： https://linktr.ee/gooaye -- Hosting provided by SoundOn,taiwan_market,taiwan_market-3bc09e655f,rule
podcast_rss-79ebe42326,podcast,https://player.soundon.fm/p/954689a5-3096-43a4-a80b-7810b219cef3/episodes/6eb11ce2-9ec6-449e-8bcf-ca8ce1f8ab34,2026-01-10T16:04:18+08:00,股癌,EP626 | 🕷️,EP626 | 🕷️ 規格：可以抽雪茄吃漢堡 本集節目由【佳銥國際】贊助播出 2026年菜全明星大集合 https://s.add.one/6uehhq 你各位捏軟陣線聽好，盤勢在變，但老婆過年想放假的心是不會變的。 今年【佳銥國際】全明星年菜大集合更強了，一一點名，五星飯店台北晶華、喜來登、長榮鳳凰、台北遠東香格里拉； 國宴名廚阿基師、黃景龍、米其林推薦的錦霞樓、山內雞肉、上海鄉村、馨苑小料理、胡同鳥喜、鰻魚四代目菊川、一甲子餐飲和膳馨；上海江浙菜上海鄉村、紅豆食府，基隆百年名店『連珍』、寬心園蔬食、港點名店易牙居、阿萬師心港點和點點心 ，還有過年必吃寶來發蜜汁火腿肉、小林山川烏魚子。 伴手禮有今年和Moomin聯名的鬍子國王蛋捲，連續4年金馬獎指定品牌起士公爵甜點，使用大樹總統玉荷包的【芳境合作社】冰糖燉銀耳露禮盒，喀滋酥脆的Le Mini 迷你脆可頌。 24間名店、70道年菜任選，讓你像挑股票一樣「自由申購」，不用買整套被強迫中獎割韭菜，通通可以併運出貨。 趕快點資訊欄連結，用手機、 FB 或 Line 登入享「捏軟陣線」專屬優惠，年菜滿額或加購美亞鎧甲鍋具，再送【易牙居】人氣港點，手速快一點，萬一沒買到蛋蛋就捏緊點。 2026年菜列表： 【胡同X錦霞樓】頂級鮑魚烏蔘佛跳牆 胡同燒肉-秘製醬香牛三寶 四代目菊川-日式鰻魚炊飯 【胡同X鳥喜】日式干貝雲吞濃雞湯 【胡同X一幻】日式清酒燒醉蝦 【易牙居】經典鮮蝦餃 【易牙居】蜜汁叉燒酥 【易牙居】魚子蝦燒賣 【易牙居】蝦仁燒賣 【易牙居】紫米珍珠丸 【易牙居】奶黃流沙包 【易牙居】蠔油叉燒包 【易牙居】蘿蔔香酥餅 【易牙居】鮮蝦腐皮捲 【易牙居】西杏鮮蝦捲 【易牙居】沙茶炆鳳爪 【易牙居】梅汁蒸排骨 【易牙居】鮮蝦韭菜餃 【易牙居】抹茶紅豆包 【易牙居】干貝珍珠捲 【易牙居】金牌翅餃 【易牙居】奶流小豬包 【易牙居】鮮肉小籠包 【易牙居】鮑魚燒賣 【易牙居】蘋果奶黃包 【黃景龍X儂來餐廳】富貴金鯧香芋炊粉 【連珍】芋頭八寶米粉鍋 【長榮鳳凰酒店．礁溪】鳳凰鯧魚炊粉湯 【台北晶華酒店】干貝臘味米糕 【喜來登飯店】花菇紅蟳米糕 【黃景龍X儂來餐廳】台式吮指豬肋排 【黃景龍X儂來餐廳】儂來水晶雞腿 【長榮鳳凰酒店．礁溪】鳳凰冰梅醬燒鴨 【錦霞樓】老滷冰糖豬腳 【上海鄉村】本幫六喜封肉 【一甲子】梅干焢肉刈包 台中【馨苑小料理】香酥芋泥鴨 【山內雞肉】甘蔗燻雞 【阿發師】極品佛跳牆 【阿基師】御膳皇品佛跳牆 【寬心園】蔬食幸福5件組（一人份)（全素） 【台北遠東香格里拉】心太軟 【紅豆食府】桂花年糕 【紅豆食府】紅豆年糕 【寶來發】蜜汁火腿一套 【台北晶華酒店】金沙海鮮煲 【黃景龍X儂來餐廳】鮑魚甘薯鮮雞湯 【錦霞樓】魷魚螺肉蒜 【錦霞樓】經典海鮮羹 【膳馨】上湯干貝燉烏雞 【阿基師】三代同堂富貴雞湯 【戰酒黑金龍】高粱醉蝦 【台北晶華酒店】馬上吉祥拼盤 【點點心】港式臘味蘿蔔糕 【心港點】金錢牛肚 【心港點】港式酸菜大腸 【心港點】鮮蝦韭菜餅 【上海鄉村】炎上牛三寶 【上海鄉村】蟹黃獅子頭 【上海鄉村】紅燒蹄筋 【上海鄉村】桂花糖藕 【上海鄉村】手工豆沙鍋餅 【上海鄉村】鄉村臭豆腐 【上海鄉村】三鮮烤麩 【小林山川】懂吃烏魚子/野生5兩/盒 【小林山川】懂吃烏魚子/ 厚切野生一口烏/盒 請使用 Fb、Line、手機號碼 登入，捏軟陣線年菜限量優惠，先搶先贏！！ https://s.add.one/6uehhq 股癌傳送門： https://linktr.ee/gooaye -- Hosting provided by SoundOn,EP626 | 🕷️ 規格：可以抽雪茄吃漢堡 本集節目由【佳銥國際】贊助播出 2026年菜全明星大集合 https://s.add.one/6uehhq 你各位捏軟陣線聽好，盤勢在變，但老婆過年想放假的心是不會變的。 今年【佳銥國際】全明星年菜大集合更強了，一一點名，五星飯店台北晶華、喜來登、長榮鳳凰、台北遠東香格里拉； 國宴名廚阿基師、黃景龍、米其林推薦的錦霞樓、山內雞肉、上海鄉村、馨苑小料理、胡同鳥喜、鰻魚四代目菊川、一甲子餐飲和膳馨；上海江浙菜上海鄉村、紅豆食府，基隆百年名店『連珍』、寬心園蔬食、港點名店易牙居、阿萬師心港點和點點心 ，還有過年必吃寶來發蜜汁火腿肉、小林山川烏魚子。 伴手禮有今年和Moomin聯名的鬍子國王蛋捲，連續4年金馬獎指定品牌起士公爵甜點，使用大樹總統玉荷包的【芳境合作社】冰糖燉銀耳露禮盒，喀滋酥脆的Le Mini 迷你脆可頌。 24間名店、70道年菜任選，讓你像挑股票一樣「自由申購」，不用買整套被強迫中獎割韭菜，通通可以併運出貨。 趕快點資訊欄連結，用手機、 FB 或 Line 登入享「捏軟陣線」專屬優惠，年菜滿額或加購美亞鎧甲鍋具，再送【易牙居】人氣港點，手速快一點，萬一沒買到蛋蛋就捏緊點。 2026年菜列表： 【胡同X錦霞樓】頂級鮑魚烏蔘佛跳牆 胡同燒肉-秘製醬香牛三寶 四代目菊川-日式鰻魚炊飯 【胡同X鳥喜】日式干貝雲吞濃雞湯 【胡同X一幻】日式清酒燒醉蝦 【易牙居】經典鮮蝦餃 【易牙居】蜜汁叉燒酥 【易牙居】魚子蝦燒賣 【易牙居】蝦仁燒賣 【易牙居】紫米珍珠丸 【易牙居】奶黃流沙包 【易牙居】蠔油叉燒包 【易牙居】蘿蔔香酥餅 【易牙居】鮮蝦腐皮捲 【易牙居】西杏鮮蝦捲 【易牙居】沙茶炆鳳爪 【易牙居】梅汁蒸排骨 【易牙居】鮮蝦韭菜餃 【易牙居】抹茶紅豆包 【易牙居】干貝珍珠捲 【易牙居】金牌翅餃 【易牙居】奶流小豬包 【易牙居】鮮肉小籠包 【易牙居】鮑魚燒賣 【易牙居】蘋果奶黃包 【黃景龍X儂來餐廳】富貴金鯧香芋炊粉 【連珍】芋頭八寶米粉鍋 【長榮鳳凰酒店．礁溪】鳳凰鯧魚炊粉湯 【台北晶華酒店】干貝臘味米糕 【喜來登飯店】花菇紅蟳米糕 【黃景龍X儂來餐廳】台式吮指豬肋排 【黃景龍X儂來餐廳】儂來水晶雞腿 【長榮鳳凰酒店．礁溪】鳳凰冰梅醬燒鴨 【錦霞樓】老滷冰糖豬腳 【上海鄉村】本幫六喜封肉 【一甲子】梅干焢肉刈包 台中【馨苑小料理】香酥芋泥鴨 【山內雞肉】甘蔗燻雞 【阿發師】極品佛跳牆 【阿基師】御膳皇品佛跳牆 【寬心園】蔬食幸福5件組（一人份)（全素） 【台北遠東香格里拉】心太軟 【紅豆食府】桂花年糕 【紅豆食府】紅豆年糕 【寶來發】蜜汁火腿一套 【台北晶華酒店】金沙海鮮煲 【黃景龍X儂來餐廳】鮑魚甘薯鮮雞湯 【錦霞樓】魷魚螺肉蒜 【錦霞樓】經典海鮮羹 【膳馨】上湯干貝燉烏雞 【阿基師】三代同堂富貴雞湯 【戰酒黑金龍】高粱醉蝦 【台北晶華酒店】馬上吉祥拼盤 【點點心】港式臘味蘿蔔糕 【心港點】金錢牛肚 【心港點】港式酸菜大腸 【心港點】鮮蝦韭菜餅 【上海鄉村】炎上牛三寶 【上海鄉村】蟹黃獅子頭 【上海鄉村】紅燒蹄筋 【上海鄉村】桂花糖藕 【上海鄉村】手工豆沙鍋餅 【上海鄉村】鄉村臭豆腐 【上海鄉村】三鮮烤麩 【小林山川】懂吃烏魚子/野生5兩/盒 【小林山川】懂吃烏魚子/ 厚切野生一口烏/盒 請使用 Fb、Line、手機號碼 登入，捏軟陣線年菜限量優惠，先搶先贏！！ https://s.add.one/6uehhq 股癌傳送門： https://linktr.ee/gooaye -- Hosting provided by SoundOn,other,other-2413ab72c5,rule
podcast_rss-ad6d3f4a56,podcast,https://player.soundon.fm/p/954689a5-3096-43a4-a80b-7810b219cef3/episodes/6cb85fec-a93a-40c6-8d38-1ce2d60b23c9,2026-01-07T16:47:17+08:00,股癌,EP625 | 🧸,EP625 | 🧸 黃老闆都知道你要什麼 台灣人體工學第一品牌 Backbone 十週年了！ 十年讓你坐大位，幹大事！ Backbone 專門做符合台灣人身形的人體工學傢俱，九年來服務五千多間辦公室、二十五個國家，很多上市櫃公司、科技大廠、福委會，其實早就在用。像元太、威剛，以及麥當勞的辦公室，用的都是他們的辦公家具。 他的客製化服務也能滿足內容創作者、電影人、音樂人的需求，從金馬大師、金曲天王天后到呱吉、阿滴，甚至老一輩的孔鏘老師，不同世代、不同圈子的人，一直以來都是 Backbone 的愛用客戶。 Backbone 不只做椅子，從升降桌、工學椅、辦公配件，甚至是隔音倉，你想要的他們都有。幫你打造員工捨不得回家的舒適空間，台灣在地團隊提供最即時的保固和後續服務。 點擊連結洽詢企業採購方案： https://www.the-backbone.com/businessplan 24 小時專人估價回覆。 就算你沒有開公司，只要你正在聽節目，就有股癌聽眾專屬優惠， 於 Backbone 官方商城結帳時輸入「gooaye2026」，即日起至 1/31， 全館桌、椅、配件， 超級優惠92 折！ 商城連結： https://www.backbone.tw 股癌傳送門：http://linktr.ee/gooaye -- Hosting provided by SoundOn,EP625 | 🧸 黃老闆都知道你要什麼 台灣人體工學第一品牌 Backbone 十週年了！ 十年讓你坐大位，幹大事！ Backbone 專門做符合台灣人身形的人體工學傢俱，九年來服務五千多間辦公室、二十五個國家，很多上市櫃公司、科技大廠、福委會，其實早就在用。像元太、威剛，以及麥當勞的辦公室，用的都是他們的辦公家具。 他的客製化服務也能滿足內容創作者、電影人、音樂人的需求，從金馬大師、金曲天王天后到呱吉、阿滴，甚至老一輩的孔鏘老師，不同世代、不同圈子的人，一直以來都是 Backbone 的愛用客戶。 Backbone 不只做椅子，從升降桌、工學椅、辦公配件，甚至是隔音倉，你想要的他們都有。幫你打造員工捨不得回家的舒適空間，台灣在地團隊提供最即時的保固和後續服務。 點擊連結洽詢企業採購方案： https://www.the-backbone.com/businessplan 24 小時專人估價回覆。 就算你沒有開公司，只要你正在聽節目，就有股癌聽眾專屬優惠， 於 Backbone 官方商城結帳時輸入「gooaye2026」，即日起至 1/31， 全館桌、椅、配件， 超級優惠92 折！ 商城連結： https://www.backbone.tw 股癌傳送門：http://linktr.ee/gooaye -- Hosting provided by SoundOn,other,other-733198628f,rule
podcast_rss-bbcc9ed75d,podcast,https://player.soundon.fm/p/954689a5-3096-43a4-a80b-7810b219cef3/episodes/4aa630cc-3488-4548-b79c-f2fe15e0ae79,2026-01-03T15:42:06+08:00,股癌,EP624 | 🎥,EP624 | 🎥 差不多就可以 【如邑堂】台灣蟬聯五屆太陽餅冠軍 嚴選食材、口味創新，國際名廚江振誠聯名品牌 2026春節優惠｜送禮超有面子 ✅滿額優惠｜滿2000折100 (約95折)、滿3500折200 (約94.2折)、滿7500折500 (約93折)、滿15000折1000 (約93折) ✅滿額贈｜滿3000送牛軋糖禮盒1盒（約16入） ✅免運優惠｜滿$1500超取免運、滿$2500宅配免運 🔗下單連結：（ https://ruyi-sunnycake.com/GOOAYE ） 股癌傳送門： https://linktr.ee/gooaye -- Hosting provided by SoundOn,EP624 | 🎥 差不多就可以 【如邑堂】台灣蟬聯五屆太陽餅冠軍 嚴選食材、口味創新，國際名廚江振誠聯名品牌 2026春節優惠｜送禮超有面子 ✅滿額優惠｜滿2000折100 (約95折)、滿3500折200 (約94.2折)、滿7500折500 (約93折)、滿15000折1000 (約93折) ✅滿額贈｜滿3000送牛軋糖禮盒1盒（約16入） ✅免運優惠｜滿$1500超取免運、滿$2500宅配免運 🔗下單連結：（ https://ruyi-sunnycake.com/GOOAYE ） 股癌傳送門： https://linktr.ee/gooaye -- Hosting provided by SoundOn,other,other-47065e1506,rule
podcast_rss-cd2432be20,podcast,https://player.soundon.fm/p/954689a5-3096-43a4-a80b-7810b219cef3/episodes/ffd2fce6-176a-451f-9e31-7efd9f599bf1,2025-12-31T16:02:49+08:00,股癌,EP623 | 🎆,EP623 | 🎆 新年快樂！ 股票上上下下，帳面天天在考驗自己的❤️〽️ 但有一件事，比盤勢更重要!! 「身體基本面」不能崩 開始研究財經新聞， 卻忽略自己身體的長期走勢？ 其實隨著年紀增長，代謝一慢 就容易出現各種問題🚨 這時候， 我會特別配置一檔長期持有型標的 就是▐ 大研生醫 🇩🇪德國極品魚油▐ ✔️ 第一支通過「調節血脂」健康食品認證的高濃度魚油 ✔️6 週降低 49% 總膽固醇 ✔️ 有效降低三酸甘油酯 . 健康不追求短線，走的是長期調整體質 是慢慢讓你覺得 身體波動變小、狀態更穩定 投資有風險， 但自己和家人的健康，真的不能重押賭運氣 . 提早佈局、長期持有 📣 現在有主委專屬優惠 🔥輸入「Gooaye」 🔥或點擊專屬連結： https://dkdm.co/9SUOT 新註冊就現折 $500 . 你最值得的人生資產配置 ▐ 大研生醫 🇩🇪德國頂級魚油▐ 股癌傳送門：https://linktr.ee/gooaye -- Hosting provided by SoundOn,EP623 | 🎆 新年快樂！ 股票上上下下，帳面天天在考驗自己的❤️〽️ 但有一件事，比盤勢更重要!! 「身體基本面」不能崩 開始研究財經新聞， 卻忽略自己身體的長期走勢？ 其實隨著年紀增長，代謝一慢 就容易出現各種問題🚨 這時候， 我會特別配置一檔長期持有型標的 就是▐ 大研生醫 🇩🇪德國極品魚油▐ ✔️ 第一支通過「調節血脂」健康食品認證的高濃度魚油 ✔️6 週降低 49% 總膽固醇 ✔️ 有效降低三酸甘油酯 . 健康不追求短線，走的是長期調整體質 是慢慢讓你覺得 身體波動變小、狀態更穩定 投資有風險， 但自己和家人的健康，真的不能重押賭運氣 . 提早佈局、長期持有 📣 現在有主委專屬優惠 🔥輸入「Gooaye」 🔥或點擊專屬連結： https://dkdm.co/9SUOT 新註冊就現折 $500 . 你最值得的人生資產配置 ▐ 大研生醫 🇩🇪德國頂級魚油▐ 股癌傳送門：https://linktr.ee/gooaye -- Hosting provided by SoundOn,risk_control,risk_control-e9cb1fc3a8,rule
podcast_rss-55dde0e214,podcast,https://player.soundon.fm/p/954689a5-3096-43a4-a80b-7810b219cef3/episodes/522d30b4-28a0-4a0c-b9bd-66e3850c81a0,2025-12-27T16:00:45+08:00,股癌,EP622 | 🕯️,EP622 | 🕯️ 謹藉本節目，對 12 月 19 日事件中的英勇義士與所有受難者， 表達最深的敬意與哀悼。 包括捨身救人的義士余家昶， 以及展現出巨大堅強與尊嚴的余媽媽， 還有所有在那一天承擔傷痛的人。 無名氏 股癌傳送門：http://linktr.ee/gooaye -- Hosting provided by SoundOn,EP622 | 🕯️ 謹藉本節目，對 12 月 19 日事件中的英勇義士與所有受難者， 表達最深的敬意與哀悼。 包括捨身救人的義士余家昶， 以及展現出巨大堅強與尊嚴的余媽媽， 還有所有在那一天承擔傷痛的人。 無名氏 股癌傳送門：http://linktr.ee/gooaye -- Hosting provided by SoundOn,other,other-c407ef72a2,rule
podcast_rss-cb87ebdd77,podcast,https://player.soundon.fm/p/954689a5-3096-43a4-a80b-7810b219cef3/episodes/799ffa1f-1dcc-425a-95ce-c707ac5267cb,2025-12-24T15:52:53+08:00,股癌,EP621 | 🎄,EP621 | 🎄 聖誕快樂！ 🎄本集節目由【NordVPN】贊助 現在搜尋 https://nordvpn.com/gooaye 或結帳時輸入股癌的專屬優惠碼【gooaye】購買2年方案＋送四個月 一個月只要一杯咖啡的價格就能取得VPN服務 還有30天試用期，不滿意可隨時取消 #NordVPN 股癌傳送門：http://linktr.ee/gooaye -- Hosting provided by SoundOn,EP621 | 🎄 聖誕快樂！ 🎄本集節目由【NordVPN】贊助 現在搜尋 https://nordvpn.com/gooaye 或結帳時輸入股癌的專屬優惠碼【gooaye】購買2年方案＋送四個月 一個月只要一杯咖啡的價格就能取得VPN服務 還有30天試用期，不滿意可隨時取消 #NordVPN 股癌傳送門：http://linktr.ee/gooaye -- Hosting provided by SoundOn,other,other-f58d825f7e,rule
podcast_rss-ec38ec875a,podcast,https://player.soundon.fm/p/954689a5-3096-43a4-a80b-7810b219cef3/episodes/ffb3795c-2a0c-473b-bf47-f05e69f8bb66,2025-12-20T16:31:00+08:00,股癌,EP620 | 🐥,EP620 | 🐥 夜車開得多保費就得高 現在只要下載 Saily APP，在結帳時輸入優惠代碼 [gooaye]，或透過資訊欄專屬連結： https://saily.com/gooaye ，購買方案即享有 85 折的專屬優惠。 #SailyeSIM 股癌傳送門：http://linktr.ee/gooaye -- Hosting provided by SoundOn,EP620 | 🐥 夜車開得多保費就得高 現在只要下載 Saily APP，在結帳時輸入優惠代碼 [gooaye]，或透過資訊欄專屬連結： https://saily.com/gooaye ，購買方案即享有 85 折的專屬優惠。 #SailyeSIM 股癌傳送門：http://linktr.ee/gooaye -- Hosting provided by SoundOn,other,other-9d911cee89,rule
podcast_rss-e679b1130e,podcast,https://player.soundon.fm/p/954689a5-3096-43a4-a80b-7810b219cef3/episodes/bffcf889-3fd1-4c6c-b863-8093be54f2e7,2025-12-17T15:50:16+08:00,股癌,EP619 | 🛰️,"EP619 | 🛰️ 老馬又造浪了 🥇全球機場銷售第一得獎頸枕🥇 ✈️【Travel Blue】旅行 ALL-IN-ONE 組 一次把「機上舒眠神器」全部配好，直接帶著走最輕鬆。 這次還有股癌聯名限量收納袋，只有主委專屬賣場才送，限量1,000個 👑豪華頸枕｜全球機場銷量第一 連續兩屆「最佳旅遊配件」得獎款，支撐力好、包覆度高，睡起來穩到不會點頭落枕。 | 頸枕採高級慢回彈記憶棉與親膚天鵝絨表布 | 硬殼烤漆斜背包，出門不再手忙腳亂 | 搭飛機需要的眼罩耳塞，還附贈耳塞專屬收納盒 | 專屬收納盒，節省行李空間 | 聯名收納袋不只可以裝頸枕，充電線、保健品也都可以裝 我自己用最有感的是豪華頸枕，長途飛行、出差、回娘家搭車都適用，落地精神差超多。 🎁聖誕節、跨年、明年要出國，或交換禮物想送實用又高級的，這組很可以。 🧳 Travel Blue 旅行 ALL-IN-ONE 組 主委限時半價：原價 $3,999 → $1,599 限量加碼 1｜股癌聯名收納袋（限量1000 個） 限量加碼 2｜官網下單再送 Travel Blue 品牌提袋 👉 主委專屬賣場： https://reurl.cc/eVz6jQ 舒眠神器整組帶走，一起用最舒服的方式旅行～ $1,599限量1000組，優惠到 12/23！ 股癌傳送門：http://linktr.ee/gooaye -- Hosting provided by SoundOn","EP619 | 🛰️ 老馬又造浪了 🥇全球機場銷售第一得獎頸枕🥇 ✈️【Travel Blue】旅行 ALL-IN-ONE 組 一次把「機上舒眠神器」全部配好，直接帶著走最輕鬆。 這次還有股癌聯名限量收納袋，只有主委專屬賣場才送，限量1,000個 👑豪華頸枕｜全球機場銷量第一 連續兩屆「最佳旅遊配件」得獎款，支撐力好、包覆度高，睡起來穩到不會點頭落枕。 | 頸枕採高級慢回彈記憶棉與親膚天鵝絨表布 | 硬殼烤漆斜背包，出門不再手忙腳亂 | 搭飛機需要的眼罩耳塞，還附贈耳塞專屬收納盒 | 專屬收納盒，節省行李空間 | 聯名收納袋不只可以裝頸枕，充電線、保健品也都可以裝 我自己用最有感的是豪華頸枕，長途飛行、出差、回娘家搭車都適用，落地精神差超多。 🎁聖誕節、跨年、明年要出國，或交換禮物想送實用又高級的，這組很可以。 🧳 Travel Blue 旅行 ALL-IN-ONE 組 主委限時半價：原價 $3,999 → $1,599 限量加碼 1｜股癌聯名收納袋（限量1000 個） 限量加碼 2｜官網下單再送 Travel Blue 品牌提袋 👉 主委專屬賣場： https://reurl.cc/eVz6jQ 舒眠神器整組帶走，一起用最舒服的方式旅行～ $1,599限量1000組，優惠到 12/23！ 股癌傳送門：http://linktr.ee/gooaye -- Hosting provided by SoundOn",other,other-e12fe5f577,rule
podcast_rss-abfecb0b6c,podcast,https://player.soundon.fm/p/954689a5-3096-43a4-a80b-7810b219cef3/episodes/5fc19fa8-eb41-4719-8622-4672411ac601,2025-12-13T15:54:39+08:00,股癌,EP618 | 🐟,EP618 | 🐟 直接二刷 本集節目由【NordVPN】贊助 現在搜尋 https://nordvpn.com/gooaye 或結帳時輸入股癌的專屬優惠碼【gooaye】 購買2年方案＋送四個月 一個月只要一杯咖啡的價格就能取得VPN服務 還有30天試用期，不滿意可隨時取消 #NordVPN 股癌傳送門：http://linktr.ee/gooaye -- Hosting provided by SoundOn,EP618 | 🐟 直接二刷 本集節目由【NordVPN】贊助 現在搜尋 https://nordvpn.com/gooaye 或結帳時輸入股癌的專屬優惠碼【gooaye】 購買2年方案＋送四個月 一個月只要一杯咖啡的價格就能取得VPN服務 還有30天試用期，不滿意可隨時取消 #NordVPN 股癌傳送門：http://linktr.ee/gooaye -- Hosting provided by SoundOn,other,other-c9559b535d,rule
podcast_rss-ff106999be,podcast,https://player.soundon.fm/p/954689a5-3096-43a4-a80b-7810b219cef3/episodes/2b1265e8-a820-4d9c-920b-71d7732f5fee,2025-12-10T16:28:14+08:00,股癌,EP617 | 👾,"EP617 | 👾 短期內第二個參與資收的經驗 iHerb黑五優惠開跑！ 美國保健品龍頭 iHerb，5萬種正品最快3天到貨 🔥主委推薦必買清單： Nature's Bounty 鈣鎂鋅→幫助放鬆好入睡 Orgain 有機蛋白粉→健身補給首選 Garden of Life男性益生菌→腸道健康神隊友 iHerb黑色星期五期間限定優惠： 🎁12/10-12/15輸入優惠碼 「GOOAYE24」享 76 折 🎁12/16-12/30輸入優惠碼 「GOOAYE20」享 8 折 馬上去結帳👉 https://maac.io/4XuTA 跟iHerb成為LINE好友👉 https://maac.io/4XuUn 折扣碼適用地區：台港澳、東南亞、美國、泰國、菲律賓 ※台灣半年內跨境購物 6 次、單筆不超過 NT$2,000 還能享免稅 股癌傳送門：http://linktr.ee/gooaye -- Hosting provided by SoundOn","EP617 | 👾 短期內第二個參與資收的經驗 iHerb黑五優惠開跑！ 美國保健品龍頭 iHerb，5萬種正品最快3天到貨 🔥主委推薦必買清單： Nature's Bounty 鈣鎂鋅→幫助放鬆好入睡 Orgain 有機蛋白粉→健身補給首選 Garden of Life男性益生菌→腸道健康神隊友 iHerb黑色星期五期間限定優惠： 🎁12/10-12/15輸入優惠碼 「GOOAYE24」享 76 折 🎁12/16-12/30輸入優惠碼 「GOOAYE20」享 8 折 馬上去結帳👉 https://maac.io/4XuTA 跟iHerb成為LINE好友👉 https://maac.io/4XuUn 折扣碼適用地區：台港澳、東南亞、美國、泰國、菲律賓 ※台灣半年內跨境購物 6 次、單筆不超過 NT$2,000 還能享免稅 股癌傳送門：http://linktr.ee/gooaye -- Hosting provided by SoundOn",other,other-b091b553a8,rule
podcast_rss-1a6a058439,podcast,https://player.soundon.fm/p/954689a5-3096-43a4-a80b-7810b219cef3/episodes/39afa2ae-e12b-4979-9a84-bc8518a48ea1,2025-12-06T16:00:57+08:00,股癌,EP616 | 🥚,EP616 | 🥚 買你但心中有別人 主委一直被問到爛的組合回來了🔥 → https://reurl.cc/9R9keV 說真的，盤勢可以震，我體力不能震 邏輯很簡單，盤勢有停損，體力也要有補給 補對東西，狀態直接噴回多頭，什麼都對了 📉身體像走勢 該補不補就一路往下破 📈但補對東西 狀態能站回季線，維持在多頭區間 長線績效靠的是穩定，不是一次爆發 這兩年我都堅持補： 米鴻這組📦把我體力打回上升軌道 吸收快、濃度高，就像打進一根漂亮長紅 止跌反彈很明顯🔥 【MIHONG®司令B群黑紅瑪卡💊】 #膠囊版 #日常持續 ☑ 專利祕魯95%高純度MacaPro黑紅瑪卡 ☑ 600%濃縮，吸收效率像突破壓力線 ☑ 草本調節機能，維持活力不亂震 ☑ 足量L-精胺酸＝體力的基本面 ☑ 兩顆含2400mg濃縮精華 ☑ 七大無添加＋第三方檢驗 【MIHONG®極濃司令黑紅瑪卡】 #粉包版 #快速反應 #硬朗升級 🏆 瑪卡拉到6770mg＝強勢補量長紅 🏆 人蔘皂甘40mg＝補能量的主力買盤 🏆 專利南非醉茄＋L-精氨酸＝撐住走勢 🏆 草本精華，幫助滋補強身 🏆 新粉包＝想補就補，不拖拉好攜帶 兩款男女可食 我們要的不是短線暴衝 而是把「體力K線」守在均線之上 以「延續」體力取代「預支」 投資要看趨勢，身體也要維持趨勢 補給做對，狀態自然不破底👌 不用碼、最高現折$1980→ https://reurl.cc/9R9keV 股癌傳送門： https://linktr.ee/gooaye -- Hosting provided by SoundOn,EP616 | 🥚 買你但心中有別人 主委一直被問到爛的組合回來了🔥 → https://reurl.cc/9R9keV 說真的，盤勢可以震，我體力不能震 邏輯很簡單，盤勢有停損，體力也要有補給 補對東西，狀態直接噴回多頭，什麼都對了 📉身體像走勢 該補不補就一路往下破 📈但補對東西 狀態能站回季線，維持在多頭區間 長線績效靠的是穩定，不是一次爆發 這兩年我都堅持補： 米鴻這組📦把我體力打回上升軌道 吸收快、濃度高，就像打進一根漂亮長紅 止跌反彈很明顯🔥 【MIHONG®司令B群黑紅瑪卡💊】 #膠囊版 #日常持續 ☑ 專利祕魯95%高純度MacaPro黑紅瑪卡 ☑ 600%濃縮，吸收效率像突破壓力線 ☑ 草本調節機能，維持活力不亂震 ☑ 足量L-精胺酸＝體力的基本面 ☑ 兩顆含2400mg濃縮精華 ☑ 七大無添加＋第三方檢驗 【MIHONG®極濃司令黑紅瑪卡】 #粉包版 #快速反應 #硬朗升級 🏆 瑪卡拉到6770mg＝強勢補量長紅 🏆 人蔘皂甘40mg＝補能量的主力買盤 🏆 專利南非醉茄＋L-精氨酸＝撐住走勢 🏆 草本精華，幫助滋補強身 🏆 新粉包＝想補就補，不拖拉好攜帶 兩款男女可食 我們要的不是短線暴衝 而是把「體力K線」守在均線之上 以「延續」體力取代「預支」 投資要看趨勢，身體也要維持趨勢 補給做對，狀態自然不破底👌 不用碼、最高現折$1980→ https://reurl.cc/9R9keV 股癌傳送門： https://linktr.ee/gooaye -- Hosting provided by SoundOn,risk_control,risk_control-01ebd33edb,rule
podcast_rss-45410b919d,podcast,https://player.soundon.fm/p/954689a5-3096-43a4-a80b-7810b219cef3/episodes/277c6db2-b035-42ea-9168-86abf90d99c0,2025-12-03T15:12:48+08:00,股癌,EP615 | 🌶️,EP615 | 🌶️ 希望 yorke 先生喉嚨快點好起來 本集節目由【Roichen】贊助 https://s.add.one/5edf3u 投資講究「護城河」，你的脊椎也需要最強的「護盤神器」！ 盤勢震盪，每天盯盤十幾個小時，不要錢還沒賺到，腰椎先腰斬。Roichen 推出全新坐墊，讓你的身體基本面跟大盤一樣穩健！ 🪑 Roichen 坐墊系列怎麼選？主委幫你分析： 🟢 新品【穩姿坐墊】（舒適分散型） 適合族群： 工時長、需久坐盯盤、屁股比較沒肉的使用者。 核心功能： 主打「穩定舒適 X 壓力分散」，就像高股息 ETF，提供穩定的緩衝，坐久屁股好蘇胡、大腿沒勒痕。 🔴 經典【正脊坐墊】【優雅椅】（矯正支撐型） 適合族群： 坐姿不正、容易駝背、像軟體動物一樣滑下椅子的使用者 。 核心功能： 主打「強力支撐 X 維持坐姿」，強迫骨盆立起來，像嚴格的風控系統，矯正你的壞習慣 。 核心功能： 6度傾斜底座設計，腰臀完整包覆，坐得正直，人生不腰斬 。 🔥 重點特色： 坐墊不搞男女通用的公版！依照男女骨體型專屬設計，讓你對號入座。 投資自己，從改善工作環境開始！ 主委聽眾專屬 52 折起 優惠， 現在就進場佈局你的脊椎健康 https://s.add.one/5edf3u (品牌限定優惠，請使用 Fb、Line、手機號碼 登入，即可看到專屬優惠價) 股癌傳送門：http://linktr.ee/gooaye -- Hosting provided by SoundOn,EP615 | 🌶️ 希望 yorke 先生喉嚨快點好起來 本集節目由【Roichen】贊助 https://s.add.one/5edf3u 投資講究「護城河」，你的脊椎也需要最強的「護盤神器」！ 盤勢震盪，每天盯盤十幾個小時，不要錢還沒賺到，腰椎先腰斬。Roichen 推出全新坐墊，讓你的身體基本面跟大盤一樣穩健！ 🪑 Roichen 坐墊系列怎麼選？主委幫你分析： 🟢 新品【穩姿坐墊】（舒適分散型） 適合族群： 工時長、需久坐盯盤、屁股比較沒肉的使用者。 核心功能： 主打「穩定舒適 X 壓力分散」，就像高股息 ETF，提供穩定的緩衝，坐久屁股好蘇胡、大腿沒勒痕。 🔴 經典【正脊坐墊】【優雅椅】（矯正支撐型） 適合族群： 坐姿不正、容易駝背、像軟體動物一樣滑下椅子的使用者 。 核心功能： 主打「強力支撐 X 維持坐姿」，強迫骨盆立起來，像嚴格的風控系統，矯正你的壞習慣 。 核心功能： 6度傾斜底座設計，腰臀完整包覆，坐得正直，人生不腰斬 。 🔥 重點特色： 坐墊不搞男女通用的公版！依照男女骨體型專屬設計，讓你對號入座。 投資自己，從改善工作環境開始！ 主委聽眾專屬 52 折起 優惠， 現在就進場佈局你的脊椎健康 https://s.add.one/5edf3u (品牌限定優惠，請使用 Fb、Line、手機號碼 登入，即可看到專屬優惠價) 股癌傳送門：http://linktr.ee/gooaye -- Hosting provided by SoundOn,risk_control,risk_control-0104940245,rule
podcast_rss-956840de07,podcast,https://player.soundon.fm/p/954689a5-3096-43a4-a80b-7810b219cef3/episodes/9eaeb255-ce22-439c-a039-e9a958efa9b9,2025-11-29T16:03:39+08:00,股癌,EP614 | 🌻,EP614 | 🌻 免費仔沒有忠誠度 Dr.情趣 獨家販售【 奧創未來智慧擬態飛機杯 】 全球首創 AI智能瑟瑟夥伴登場🔥 內建10種擬態模式、獨家影片100%即時同步技術 她怎麼動，它就怎麼震！再搭配VR，一秒進入拍片現場 4K沉浸式爽感、臨場爆棚！甚至還能自訂程式律動，自己的高潮、自己造！ 輸入折扣碼【 GOOAYE666 】現折 $300 快用新台幣下架這台人類繁衍滅絕神器吧！ 下架專區： https://drqqtoys.tw/j5mtM 股癌傳送門：http://linktr.ee/gooaye -- Hosting provided by SoundOn,EP614 | 🌻 免費仔沒有忠誠度 Dr.情趣 獨家販售【 奧創未來智慧擬態飛機杯 】 全球首創 AI智能瑟瑟夥伴登場🔥 內建10種擬態模式、獨家影片100%即時同步技術 她怎麼動，它就怎麼震！再搭配VR，一秒進入拍片現場 4K沉浸式爽感、臨場爆棚！甚至還能自訂程式律動，自己的高潮、自己造！ 輸入折扣碼【 GOOAYE666 】現折 $300 快用新台幣下架這台人類繁衍滅絕神器吧！ 下架專區： https://drqqtoys.tw/j5mtM 股癌傳送門：http://linktr.ee/gooaye -- Hosting provided by SoundOn,semiconductor,semiconductor-d3ec817f31,rule
podcast_rss-a903c3315a,podcast,https://player.soundon.fm/p/954689a5-3096-43a4-a80b-7810b219cef3/episodes/b575736d-c615-456d-a74c-860072123cf8,2025-11-26T15:36:59+08:00,股癌,EP613 | 🦔,EP613 | 🦔 老黃：我為你開心，真的 🎧 戴上 Sony WH-1000XM6，世界瞬間安靜。 12顆麥克風＋QN3 智慧降噪處理器，一鍵隔離所有喧鬧，錄音室級音質讓每個細節都清晰動人。 想更輕盈？WF-1000XM5 真無線耳機同樣搭載旗艦級降噪與 LDAC 高音質藍牙，體積更小、配戴更舒適，通勤、運動都完美契合。 兩款皆能讓你隨時進入屬於自己的「安靜空間」。 快到 Sony 門市試聽體驗 🎶 👉 https://go.sony.tw/y2ga8ebt #Sony1000X #WH1000XM6 #WF1000XM5 股癌傳送門： https://linktr.ee/gooaye -- Hosting provided by SoundOn,EP613 | 🦔 老黃：我為你開心，真的 🎧 戴上 Sony WH-1000XM6，世界瞬間安靜。 12顆麥克風＋QN3 智慧降噪處理器，一鍵隔離所有喧鬧，錄音室級音質讓每個細節都清晰動人。 想更輕盈？WF-1000XM5 真無線耳機同樣搭載旗艦級降噪與 LDAC 高音質藍牙，體積更小、配戴更舒適，通勤、運動都完美契合。 兩款皆能讓你隨時進入屬於自己的「安靜空間」。 快到 Sony 門市試聽體驗 🎶 👉 https://go.sony.tw/y2ga8ebt #Sony1000X #WH1000XM6 #WF1000XM5 股癌傳送門： https://linktr.ee/gooaye -- Hosting provided by SoundOn,other,other-5544e76f88,rule
podcast_rss-d2aa848871,podcast,https://player.soundon.fm/p/954689a5-3096-43a4-a80b-7810b219cef3/episodes/7f6b018c-6b64-4b85-8af6-134cc3ef621e,2025-11-22T14:22:02+08:00,股癌,EP612 | 🍒,EP612 | 🍒 一組就是可以拆賣 本集節目由喬致庸國際有限公司贊助 台灣冬季潮濕寒冷！漫長的冬季沒有電暖器真的不行！ 精選2款冬季熱銷電暖器機種，勢必要讓你渡過溫暖的冬天。 電暖器系列下單： https://gbf.tw/qu2f4 飛利浦新款壁掛暖風機： 台灣浴室大多沒有暖房設備，每到冬天洗澡就成了苦差事。 專為浴室設計，整機一體化防水，沐浴更衣過程都很溫暖。 新式石磨烯加熱，升溫更快，也更省電。 DIKE瞬熱廣角恆溫智慧電暖器： PTC陶瓷快速導熱，啟動即瞬熱，溫暖即刻來襲。 蜂窩蜂道搭配渦輪風扇，讓熱氣傳遞更遠。 低噪運轉，暖房安安靜靜，讓你一夜好眠。 這2款電暖器使用阻燃材質，且都搭載過熱及傾倒自動斷電裝置， 給您多一重保障 ，使用上讓人更放心。 冬季溫暖價$2190起，本團免運費，優惠只到12/10，請務必把握機會，愛您~ 電暖器系列下單： https://gbf.tw/qu2f4 股癌傳送門：http://linktr.ee/gooaye -- Hosting provided by SoundOn,EP612 | 🍒 一組就是可以拆賣 本集節目由喬致庸國際有限公司贊助 台灣冬季潮濕寒冷！漫長的冬季沒有電暖器真的不行！ 精選2款冬季熱銷電暖器機種，勢必要讓你渡過溫暖的冬天。 電暖器系列下單： https://gbf.tw/qu2f4 飛利浦新款壁掛暖風機： 台灣浴室大多沒有暖房設備，每到冬天洗澡就成了苦差事。 專為浴室設計，整機一體化防水，沐浴更衣過程都很溫暖。 新式石磨烯加熱，升溫更快，也更省電。 DIKE瞬熱廣角恆溫智慧電暖器： PTC陶瓷快速導熱，啟動即瞬熱，溫暖即刻來襲。 蜂窩蜂道搭配渦輪風扇，讓熱氣傳遞更遠。 低噪運轉，暖房安安靜靜，讓你一夜好眠。 這2款電暖器使用阻燃材質，且都搭載過熱及傾倒自動斷電裝置， 給您多一重保障 ，使用上讓人更放心。 冬季溫暖價$2190起，本團免運費，優惠只到12/10，請務必把握機會，愛您~ 電暖器系列下單： https://gbf.tw/qu2f4 股癌傳送門：http://linktr.ee/gooaye -- Hosting provided by SoundOn,other,other-b14876ec68,rule
podcast_rss-b0633bdce4,podcast,https://player.soundon.fm/p/954689a5-3096-43a4-a80b-7810b219cef3/episodes/4c392bc0-0bac-4074-a0df-43ab8ce75fbd,2025-11-19T15:41:47+08:00,股癌,EP611 | 🧱,EP611 | 🧱 who's with me! 本集節目由【NordVPN】贊助 現在搜尋 https://nordvpn.com/gooaye 或結帳時輸入股癌的專屬優惠碼【gooaye】 購買2年方案＋送四個月 一個月只要一杯咖啡的價格就能取得VPN服務 還有30天試用期，不滿意可隨時取消 #NordVPN 股癌傳送門：http://linktr.ee/gooaye -- Hosting provided by SoundOn,EP611 | 🧱 who's with me! 本集節目由【NordVPN】贊助 現在搜尋 https://nordvpn.com/gooaye 或結帳時輸入股癌的專屬優惠碼【gooaye】 購買2年方案＋送四個月 一個月只要一杯咖啡的價格就能取得VPN服務 還有30天試用期，不滿意可隨時取消 #NordVPN 股癌傳送門：http://linktr.ee/gooaye -- Hosting provided by SoundOn,other,other-f23edef0ba,rule
podcast_rss-bb2e15ae84,podcast,https://player.soundon.fm/p/954689a5-3096-43a4-a80b-7810b219cef3/episodes/2fe89a3e-b4ee-490e-8111-3271a1fe9217,2025-11-15T16:38:42+08:00,股癌,EP610 | 🍅,EP610 | 🍅 不給休息ㄟ 當你有幸成為大戶，可以影響市場的時候，會做出什麼選擇？ 眠豆腐選擇 ：All in 產品！ 情勒上游供應商，拋棄一切規格品，從獨立筒到舒適層，全新自主研發 重新做出心目中最好的眠豆腐。 即日起，眠豆腐床墊升級3.0 https://link.sleepytofu.com/gooaye 升級一 深蹲獨立筒 臥室猛男、越來越猛 把原本就表現良好的獨立筒，從 20cm 再蹲低到 18cm。 如同性能跑車降低底盤，減少彈簧側傾，更加扎實穩定。 無論躺平或坐床緣，支撐力都有感提升 升級二 肉鬆豆腐棉 表層以中空纖維技術模擬鵝絨的彈力與空氣感 體重再輕，後腰也無空隙，完全放鬆身體， 一躺下去你的肌肉就會告訴你， 這是台式硬床，但是最療癒的那種。 最後，關於價格… 雖然原物料飆漲 眠豆腐一直升級 但價格依然不變， 這是我們對眠友最真摯的感激，愛您。 重新發明眠豆腐 股癌聽眾專屬 眠豆腐3.0早鳥優惠95折 只要官網結帳時輸入「gooaye」 即日起到11/25，只有10天 https://link.sleepytofu.com/gooaye 股癌傳送門： https://linktr.ee/gooaye -- Hosting provided by SoundOn,EP610 | 🍅 不給休息ㄟ 當你有幸成為大戶，可以影響市場的時候，會做出什麼選擇？ 眠豆腐選擇 ：All in 產品！ 情勒上游供應商，拋棄一切規格品，從獨立筒到舒適層，全新自主研發 重新做出心目中最好的眠豆腐。 即日起，眠豆腐床墊升級3.0 https://link.sleepytofu.com/gooaye 升級一 深蹲獨立筒 臥室猛男、越來越猛 把原本就表現良好的獨立筒，從 20cm 再蹲低到 18cm。 如同性能跑車降低底盤，減少彈簧側傾，更加扎實穩定。 無論躺平或坐床緣，支撐力都有感提升 升級二 肉鬆豆腐棉 表層以中空纖維技術模擬鵝絨的彈力與空氣感 體重再輕，後腰也無空隙，完全放鬆身體， 一躺下去你的肌肉就會告訴你， 這是台式硬床，但是最療癒的那種。 最後，關於價格… 雖然原物料飆漲 眠豆腐一直升級 但價格依然不變， 這是我們對眠友最真摯的感激，愛您。 重新發明眠豆腐 股癌聽眾專屬 眠豆腐3.0早鳥優惠95折 只要官網結帳時輸入「gooaye」 即日起到11/25，只有10天 https://link.sleepytofu.com/gooaye 股癌傳送門： https://linktr.ee/gooaye -- Hosting provided by SoundOn,other,other-c6deed7fbe,rule
podcast_rss-d6ed6c7d6f,podcast,https://player.soundon.fm/p/954689a5-3096-43a4-a80b-7810b219cef3/episodes/d2b3da76-e906-41c8-bb80-129e6d23514e,2025-11-12T15:43:57+08:00,股癌,EP609 | 🌪️,EP609 | 🌪️ 標案仔的冬天 現在只要下載 Saily APP，在結帳時輸入優惠代碼 [gooaye]，或透過資訊欄專屬連結： https://saily.com/gooaye ，購買方案即享有 85 折的專屬優惠。 #SailyeSIM 股癌傳送門：http://linktr.ee/gooaye -- Hosting provided by SoundOn,EP609 | 🌪️ 標案仔的冬天 現在只要下載 Saily APP，在結帳時輸入優惠代碼 [gooaye]，或透過資訊欄專屬連結： https://saily.com/gooaye ，購買方案即享有 85 折的專屬優惠。 #SailyeSIM 股癌傳送門：http://linktr.ee/gooaye -- Hosting provided by SoundOn,other,other-7a68d07514,rule
podcast_rss-2e8543c6a3,podcast,https://player.soundon.fm/p/954689a5-3096-43a4-a80b-7810b219cef3/episodes/d4fb7bef-b084-478f-8367-e15bf182d4ed,2025-11-08T15:58:18+08:00,股癌,EP608 | 🍭,"EP608 | 🍭 願你當餐廳玻璃杯裡泡著檸檬片和冰塊的那杯水 【火星生技 Green X 進化乳清蛋白】 🔝超高蛋白質＋綠原酸 🟢 讓你越戰越強 《股癌》聽眾專屬優惠👉 https://tzk.one/10gooaye 看盤看到眼花、財報看到頭昏，本來從從容容游刃有餘，變成匆匆忙忙連滾帶爬，但健身房會籍繳了大半年卻還是沒辦法成為理想中的大肌肌嗎？ 問題不是你做得不夠多，是需要更有效率的補給策略！ 這種時候就要喝TAIZAKU火星生技的【GreenX進化乳清蛋白】讓精實效率更進化🔥 1111霸氣開戰優惠，馬上下單👉 https://tzk.one/10gooaye 〔27.6g #高含量雙重蛋白質〕 💪提供肌肉生長原料，建立堅實基礎！ #分離乳清 小分子快速吸收 #酪蛋白水解物 長時間持續釋放 雙重搭配，持續補充蛋白質！乳糖不耐者也可以喝👍🏻 〔6400mg #高濃度BCAA 〕 ⚡️提供必要能量，鍛鍊後體力恢復！ 〔 70% 高濃度綠原酸〕 🟢 強化代謝，精實效率再進化 成為你前進的推手！ 投資要贏在起跑點，身體管理當然也是！你累積這麼多0，前面沒有1一切都是枉然 10/20-11/16【1111 霸氣開戰！站鬥吧！男人】 年末最低價，無論是日戰夜戰，都一起戰的長長久久 ☑️下單就送決醒Ｂ群隨身包 ☑️全館滿 3,111 就送滴雞精 1 包 ☑️全館滿 5,111 送 TENGA 真空杯 ☑️全館滿 7,111 送決醒 B 群一盒 ☑️全館滿 11,111 送武倍對策 GOLD 一盒（限量100份） 🎁滿門檻解鎖下單抽 iPhone 17 ProMax 512G、東非動物大遷徙豪華旅遊 🐆 全館下殺折扣中，馬上獲得熱銷破億戰場上最強的後盾👉 https://tzk.one/10gooaye #TAIZAKU #火星生技 #GreenX進化乳清蛋白 #1111霸氣開戰 #戰鬥吧男人 股癌傳送門：http://linktr.ee/gooaye -- Hosting provided by SoundOn","EP608 | 🍭 願你當餐廳玻璃杯裡泡著檸檬片和冰塊的那杯水 【火星生技 Green X 進化乳清蛋白】 🔝超高蛋白質＋綠原酸 🟢 讓你越戰越強 《股癌》聽眾專屬優惠👉 https://tzk.one/10gooaye 看盤看到眼花、財報看到頭昏，本來從從容容游刃有餘，變成匆匆忙忙連滾帶爬，但健身房會籍繳了大半年卻還是沒辦法成為理想中的大肌肌嗎？ 問題不是你做得不夠多，是需要更有效率的補給策略！ 這種時候就要喝TAIZAKU火星生技的【GreenX進化乳清蛋白】讓精實效率更進化🔥 1111霸氣開戰優惠，馬上下單👉 https://tzk.one/10gooaye 〔27.6g #高含量雙重蛋白質〕 💪提供肌肉生長原料，建立堅實基礎！ #分離乳清 小分子快速吸收 #酪蛋白水解物 長時間持續釋放 雙重搭配，持續補充蛋白質！乳糖不耐者也可以喝👍🏻 〔6400mg #高濃度BCAA 〕 ⚡️提供必要能量，鍛鍊後體力恢復！ 〔 70% 高濃度綠原酸〕 🟢 強化代謝，精實效率再進化 成為你前進的推手！ 投資要贏在起跑點，身體管理當然也是！你累積這麼多0，前面沒有1一切都是枉然 10/20-11/16【1111 霸氣開戰！站鬥吧！男人】 年末最低價，無論是日戰夜戰，都一起戰的長長久久 ☑️下單就送決醒Ｂ群隨身包 ☑️全館滿 3,111 就送滴雞精 1 包 ☑️全館滿 5,111 送 TENGA 真空杯 ☑️全館滿 7,111 送決醒 B 群一盒 ☑️全館滿 11,111 送武倍對策 GOLD 一盒（限量100份） 🎁滿門檻解鎖下單抽 iPhone 17 ProMax 512G、東非動物大遷徙豪華旅遊 🐆 全館下殺折扣中，馬上獲得熱銷破億戰場上最強的後盾👉 https://tzk.one/10gooaye #TAIZAKU #火星生技 #GreenX進化乳清蛋白 #1111霸氣開戰 #戰鬥吧男人 股癌傳送門：http://linktr.ee/gooaye -- Hosting provided by SoundOn",semiconductor,semiconductor-9a7223760a,rule
podcast_rss-01bce8810b,podcast,https://player.soundon.fm/p/954689a5-3096-43a4-a80b-7810b219cef3/episodes/f1ac29db-d879-41a1-8283-d32e514a0aa5,2025-11-05T16:03:53+08:00,股癌,EP607 | 🌲,EP607 | 🌲 two trees 本集節目由【NordVPN】贊助 現在搜尋 https://nordvpn.com/gooaye 或結帳時輸入股癌的專屬優惠碼【gooaye】 購買2年方案＋送四個月 一個月只要一杯咖啡的價格就能取得VPN服務 還有30天試用期，不滿意可隨時取消 #NordVPN 股癌傳送門：http://linktr.ee/gooaye -- Hosting provided by SoundOn,EP607 | 🌲 two trees 本集節目由【NordVPN】贊助 現在搜尋 https://nordvpn.com/gooaye 或結帳時輸入股癌的專屬優惠碼【gooaye】 購買2年方案＋送四個月 一個月只要一杯咖啡的價格就能取得VPN服務 還有30天試用期，不滿意可隨時取消 #NordVPN 股癌傳送門：http://linktr.ee/gooaye -- Hosting provided by SoundOn,other,other-682842e885,rule
podcast_rss-7967614e39,podcast,https://player.soundon.fm/p/954689a5-3096-43a4-a80b-7810b219cef3/episodes/76782fed-829d-485c-9deb-4e072a771bb8,2025-11-01T15:40:30+08:00,股癌,EP606 | 🌙,EP606 | 🌙 賈西受夠了大家喇叭 🎙️本集節目由【zZSLEEPER -2°C 涼感忘憂枕】贊助 https://s.add.one/5hyycc 由物理治療師與醫師聯手設計，三種高度、雙弧度切面，無論仰睡沉思、側睡找籌碼，肩頸都能穩穩被支撐住。 本次升級最大亮點：能「降溫」的涼感內枕套，表面採用 100% Wincool 涼感紗，實測體感降 2 度，並通過國際無有害紡織品認證。 簡單講，就是你頭一靠上去就會想：「啊幹，這溫度可以。」 涼歸涼，枕心仍保留涼感親水棉聚氨酯材質，支撐、透氣、柔軟三者兼具。 讓你腦子冷靜下來、心情也跟著降壓的睡眠感。 💤 投資是一場長跑，最好的報酬不是追到最高點，而是每天都醒得剛剛好，降兩度、忘煩惱、醒來再決定要不要 ALL IN。 zZSLEEPER 忘憂枕 -2°C 涼感忘憂枕 （全新升級款） zZSLEEPER 忘憂枕（升級頂級天絲枕套） 👉 主委聽眾專屬優惠：52 折起 https://s.add.one/5hyycc （品牌限定優惠，請使用 Fb、Line、手機號碼 登入，即可看到專屬優惠價） 股癌傳送門：http://linktr.ee/gooaye -- Hosting provided by SoundOn,EP606 | 🌙 賈西受夠了大家喇叭 🎙️本集節目由【zZSLEEPER -2°C 涼感忘憂枕】贊助 https://s.add.one/5hyycc 由物理治療師與醫師聯手設計，三種高度、雙弧度切面，無論仰睡沉思、側睡找籌碼，肩頸都能穩穩被支撐住。 本次升級最大亮點：能「降溫」的涼感內枕套，表面採用 100% Wincool 涼感紗，實測體感降 2 度，並通過國際無有害紡織品認證。 簡單講，就是你頭一靠上去就會想：「啊幹，這溫度可以。」 涼歸涼，枕心仍保留涼感親水棉聚氨酯材質，支撐、透氣、柔軟三者兼具。 讓你腦子冷靜下來、心情也跟著降壓的睡眠感。 💤 投資是一場長跑，最好的報酬不是追到最高點，而是每天都醒得剛剛好，降兩度、忘煩惱、醒來再決定要不要 ALL IN。 zZSLEEPER 忘憂枕 -2°C 涼感忘憂枕 （全新升級款） zZSLEEPER 忘憂枕（升級頂級天絲枕套） 👉 主委聽眾專屬優惠：52 折起 https://s.add.one/5hyycc （品牌限定優惠，請使用 Fb、Line、手機號碼 登入，即可看到專屬優惠價） 股癌傳送門：http://linktr.ee/gooaye -- Hosting provided by SoundOn,other,other-dc43b85bce,rule
podcast_rss-3fd9c4b917,podcast,https://player.soundon.fm/p/954689a5-3096-43a4-a80b-7810b219cef3/episodes/f00112fa-fa21-4781-9b6a-6073342d92e9,2025-10-29T15:57:48+08:00,股癌,EP605 | 🪇😎 arigatouuu 😑🎸,"EP605 | 🪇😎 arigatouuu 😑🎸 sunshhhinnne lasagnnnna maiiiibe 🎁 股癌限定優惠開跑！ 修麗可 A.G.E 緊緻霜 x 抗老組合搶先雙11🔥 大多數人以為抗老就是一直補膠原蛋白，但你知道嗎？ 真正決定你皮膚緊不緊、挺不挺的關鍵，其實在於「膠原蛋白能不能被好好保護」。 修麗可抗老王者組合，從「膠原新生」到「膠原保護」讓你真正有效抗老 無論是送媽媽、老婆，還是犒賞自己，都超級適合！ 📦 股癌專屬賣場 👉 https://www.momoshop.com.tw/category/DgrpCategory.jsp?d_code=2176300054&amp;osm=t04&amp;utm_source=BD_024232&amp;utm_medium=gooaye-podcast&amp;scm_activity=202510210607o3snk1mp 股癌限定優惠： 🔥 股癌專屬連結 限時9折起 🔥 精選禮盒74折起 🔥 下單送紫米精華4ml 🔥 滿8,000贈 品牌獨家訂製室內鞋 🔥 滿15000贈 KINYO 鵝頸細口電手沖壺 📅 搶先開跑：比雙11還早開！錯過真的會哭 抗糖老化不能等 🎁 限量精美禮盒，買到直接當禮物送（賣完沒得補） 抗老必備！AGE普拉斯鏈活膚緊緻霜 👑 4% 莓果精萃抗醣化 👑 18%最佳化普拉斯鏈抗老修護頂級科技成分 👑 高濃度專利配方，有效逆轉醣老化 明星商品！超濃度CE緊緻修護抗氧化精華 想抗老先抗氧、抗老第一步都先用它 ✅ 修麗可專利黃金抗氧參數 ✅ 激活肌膚8倍的修復力 ✅ 有效促進膠原蛋白新生 ✅ 讓肌膚透亮又緊實 抗皺強者！P-TIOX超胜肽抗皺極光精華 🧬啟發自「肉毒桿菌素」療程 🧬增強與延長抗皺療程效果 🧬雙改善動態紋路+靜態紋路 🧴 完美抗老搭配： 白天：C E 抗氧化精華 + A.G.E 緊緻霜 → 防禦氧化&amp;糖化造成的肌膚傷害 晚上：PTIOX 抗皺精華 + A.G.E 緊緻霜 → 專攻各種紋路，幫助肌膚拉提、緊緻 🎯 雙11快到了，這次真的可以下手買點高端貨。 修麗可這組不只是擦心安，是臉真的有感、折扣也有感！ 平常下不了手的高單價保養品，趁這波入手最划算， 比投資報酬率還穩定！ #修麗可 #SkinCeuticals #黃金抗老組合 #CE抗氧化精華 #PTIOX抗皺精華 #AGE緊緻霜 股癌傳送門：http://linktr.ee/gooaye -- Hosting provided by SoundOn","EP605 | 🪇😎 arigatouuu 😑🎸 sunshhhinnne lasagnnnna maiiiibe 🎁 股癌限定優惠開跑！ 修麗可 A.G.E 緊緻霜 x 抗老組合搶先雙11🔥 大多數人以為抗老就是一直補膠原蛋白，但你知道嗎？ 真正決定你皮膚緊不緊、挺不挺的關鍵，其實在於「膠原蛋白能不能被好好保護」。 修麗可抗老王者組合，從「膠原新生」到「膠原保護」讓你真正有效抗老 無論是送媽媽、老婆，還是犒賞自己，都超級適合！ 📦 股癌專屬賣場 👉 https://www.momoshop.com.tw/category/DgrpCategory.jsp?d_code=2176300054&amp;osm=t04&amp;utm_source=BD_024232&amp;utm_medium=gooaye-podcast&amp;scm_activity=202510210607o3snk1mp 股癌限定優惠： 🔥 股癌專屬連結 限時9折起 🔥 精選禮盒74折起 🔥 下單送紫米精華4ml 🔥 滿8,000贈 品牌獨家訂製室內鞋 🔥 滿15000贈 KINYO 鵝頸細口電手沖壺 📅 搶先開跑：比雙11還早開！錯過真的會哭 抗糖老化不能等 🎁 限量精美禮盒，買到直接當禮物送（賣完沒得補） 抗老必備！AGE普拉斯鏈活膚緊緻霜 👑 4% 莓果精萃抗醣化 👑 18%最佳化普拉斯鏈抗老修護頂級科技成分 👑 高濃度專利配方，有效逆轉醣老化 明星商品！超濃度CE緊緻修護抗氧化精華 想抗老先抗氧、抗老第一步都先用它 ✅ 修麗可專利黃金抗氧參數 ✅ 激活肌膚8倍的修復力 ✅ 有效促進膠原蛋白新生 ✅ 讓肌膚透亮又緊實 抗皺強者！P-TIOX超胜肽抗皺極光精華 🧬啟發自「肉毒桿菌素」療程 🧬增強與延長抗皺療程效果 🧬雙改善動態紋路+靜態紋路 🧴 完美抗老搭配： 白天：C E 抗氧化精華 + A.G.E 緊緻霜 → 防禦氧化&amp;糖化造成的肌膚傷害 晚上：PTIOX 抗皺精華 + A.G.E 緊緻霜 → 專攻各種紋路，幫助肌膚拉提、緊緻 🎯 雙11快到了，這次真的可以下手買點高端貨。 修麗可這組不只是擦心安，是臉真的有感、折扣也有感！ 平常下不了手的高單價保養品，趁這波入手最划算， 比投資報酬率還穩定！ #修麗可 #SkinCeuticals #黃金抗老組合 #CE抗氧化精華 #PTIOX抗皺精華 #AGE緊緻霜 股癌傳送門：http://linktr.ee/gooaye -- Hosting provided by SoundOn",other,other-1c6c08e3ed,rule
podcast_rss-1088be8fec,podcast,https://player.soundon.fm/p/954689a5-3096-43a4-a80b-7810b219cef3/episodes/a004db3f-6021-41bc-9c07-080a066e5905,2025-10-25T16:30:01+08:00,股癌,EP604 | 🦚,EP604 | 🦚 蓮花燈國民外交 股癌獨家，悠活原力雙11搶先開跑，黃金、iPhone 17 Pro好獎等您抽! 醣類控管看這裡!飯前吞一顆「悠活好代謝 苦瓜胜肽+牛樟芝」 「苦瓜胜肽2入組120粒$3111」，【加贈葉黃素10粒、薑黃10粒、155mo幣】 🍑momo專屬賣場 → https://yohopower.net/RZlho 🏆專利定序苦瓜胜肽，320倍的濃縮精華 ✅美國唯一FDA核可苦瓜胜肽 ✅10國及歐盟獨家專利 ✅多篇國際權威期刊發表 ✅幫助血糖調控 🏆台灣紅寶石牛樟芝，有助調節生理機能 ✅獨家固態發酵技術 ✅台日中德美8 張專利認證 ✅三大國際發明獎 🏆國內外實力掛保證 ✅Monde Selection世界品質評鑑金獎 ✅A.A.Clean Label無添加一星認證 ✅SNQ國家高品質認證 🏆幫助代謝3關鍵 ✅吡啶甲酸鉻✅綠咖啡萃取✅桑葉萃取 好評再開!超級食物&amp;黑科技加持的「悠活原力微米薑黃+朝鮮薊」 「薑黃6入組180粒$2611」，【加贈葉黃素10粒、馬卡隨身包、130mo幣】 🍑momo專屬賣場 → https://yohopower.net/c0Gee 🏆有別於傳統薑黃，悠活原力用專利微米化技術 ✅做到「100%溶解、35倍超強吸收率!」 🏆國內外實力掛保證 ✅Monde Selection世界品質評鑑金獎 ✅SNQ國家高品質認證 🏆被封為「蔬菜之皇」的朝鮮薊 ✅添加來自德國百年大廠Finzelberg ✅促進新陳代謝 ✅5國製程專利 🏆多元複方滋補強身 ✅榖胱甘肽✅桑黃✅牛磺酸✅五味子 10/25-11/15股癌獨家薑黃、苦瓜胜肽品項雙11搶先開跑， 指定品項領券再享7折折扣碼：I4AAV38L39Q0 黃金、iPhone 17 Pro好獎等您抽，多項滿額好禮， 再送最高1111mo幣，全年最殺盛典，讓您下單不手軟， 悠活原力幫您創造代謝永動機。 雙11搶先逛→ https://yohopower.net/1VoiG 股癌傳送門：http://linktr.ee/gooaye -- Hosting provided by SoundOn,EP604 | 🦚 蓮花燈國民外交 股癌獨家，悠活原力雙11搶先開跑，黃金、iPhone 17 Pro好獎等您抽! 醣類控管看這裡!飯前吞一顆「悠活好代謝 苦瓜胜肽+牛樟芝」 「苦瓜胜肽2入組120粒$3111」，【加贈葉黃素10粒、薑黃10粒、155mo幣】 🍑momo專屬賣場 → https://yohopower.net/RZlho 🏆專利定序苦瓜胜肽，320倍的濃縮精華 ✅美國唯一FDA核可苦瓜胜肽 ✅10國及歐盟獨家專利 ✅多篇國際權威期刊發表 ✅幫助血糖調控 🏆台灣紅寶石牛樟芝，有助調節生理機能 ✅獨家固態發酵技術 ✅台日中德美8 張專利認證 ✅三大國際發明獎 🏆國內外實力掛保證 ✅Monde Selection世界品質評鑑金獎 ✅A.A.Clean Label無添加一星認證 ✅SNQ國家高品質認證 🏆幫助代謝3關鍵 ✅吡啶甲酸鉻✅綠咖啡萃取✅桑葉萃取 好評再開!超級食物&amp;黑科技加持的「悠活原力微米薑黃+朝鮮薊」 「薑黃6入組180粒$2611」，【加贈葉黃素10粒、馬卡隨身包、130mo幣】 🍑momo專屬賣場 → https://yohopower.net/c0Gee 🏆有別於傳統薑黃，悠活原力用專利微米化技術 ✅做到「100%溶解、35倍超強吸收率!」 🏆國內外實力掛保證 ✅Monde Selection世界品質評鑑金獎 ✅SNQ國家高品質認證 🏆被封為「蔬菜之皇」的朝鮮薊 ✅添加來自德國百年大廠Finzelberg ✅促進新陳代謝 ✅5國製程專利 🏆多元複方滋補強身 ✅榖胱甘肽✅桑黃✅牛磺酸✅五味子 10/25-11/15股癌獨家薑黃、苦瓜胜肽品項雙11搶先開跑， 指定品項領券再享7折折扣碼：I4AAV38L39Q0 黃金、iPhone 17 Pro好獎等您抽，多項滿額好禮， 再送最高1111mo幣，全年最殺盛典，讓您下單不手軟， 悠活原力幫您創造代謝永動機。 雙11搶先逛→ https://yohopower.net/1VoiG 股癌傳送門：http://linktr.ee/gooaye -- Hosting provided by SoundOn,other,other-335cb4e1bf,rule
podcast_rss-3712ed2661,podcast,https://player.soundon.fm/p/954689a5-3096-43a4-a80b-7810b219cef3/episodes/2e90c411-12f7-4b73-80a1-8d00dd31ed46,2025-10-22T16:11:56+08:00,股癌,EP603 | 🐠,"EP603 | 🐠 各種缺 大家有沒有在某一刻突然發現爸媽年紀真的大了！手機教不會、講話重複好幾次、出去玩沒多久就開始累，開始什麼都有點跟不上… 那一瞬間你開始擔心他們的健康 其實年紀大了，吸收營養的能力會下降，偏偏胃口也變小， 長輩其實不一定都能吃到關鍵的營養素， 所以推薦大家 “銀寶善存”！ 銀寶善存是專為熟齡族群設計的綜合維他命，更針對年齡跟性別增量配方 含有22種人體必需的營養素，保護健康，降低外在影響* 增量鎂，幫助心臟正常功能 增量E，抗氧化 增量B1、B12幫助思緒清晰 9成愛用者，吃了都有感^^ 有吃真的有差，長輩身體健康，我們才能放心。 📣現在有主委專屬優惠價 🛒守護長輩健康 -- 男女銀寶善存 https://reurl.cc/koNnOb 🛒也要好好照顧自己-- 男女善存 https://reurl.cc/Mz13O3 ---------------- *維持健康 ^^根據 IQVIA Solutions Asia Pte. Ltd. 於2024年3月之調查，400位食用善存綜合維他命之受試者中，93%針對""使用善存綜合維他命，讓我維持好精神/好氣色/好體力/好入睡/思緒清晰/代謝好"" 至少其中一項給予同意或完全同意之評分 ✦此篇文章由善存品牌贊助。對於善存產品有任何疑問，請撥打消費者免費專線 0800-212-259。PM-TW-CNT-24-00167 股癌傳送門：http://linktr.ee/gooaye -- Hosting provided by SoundOn","EP603 | 🐠 各種缺 大家有沒有在某一刻突然發現爸媽年紀真的大了！手機教不會、講話重複好幾次、出去玩沒多久就開始累，開始什麼都有點跟不上… 那一瞬間你開始擔心他們的健康 其實年紀大了，吸收營養的能力會下降，偏偏胃口也變小， 長輩其實不一定都能吃到關鍵的營養素， 所以推薦大家 “銀寶善存”！ 銀寶善存是專為熟齡族群設計的綜合維他命，更針對年齡跟性別增量配方 含有22種人體必需的營養素，保護健康，降低外在影響* 增量鎂，幫助心臟正常功能 增量E，抗氧化 增量B1、B12幫助思緒清晰 9成愛用者，吃了都有感^^ 有吃真的有差，長輩身體健康，我們才能放心。 📣現在有主委專屬優惠價 🛒守護長輩健康 -- 男女銀寶善存 https://reurl.cc/koNnOb 🛒也要好好照顧自己-- 男女善存 https://reurl.cc/Mz13O3 ---------------- *維持健康 ^^根據 IQVIA Solutions Asia Pte. Ltd. 於2024年3月之調查，400位食用善存綜合維他命之受試者中，93%針對""使用善存綜合維他命，讓我維持好精神/好氣色/好體力/好入睡/思緒清晰/代謝好"" 至少其中一項給予同意或完全同意之評分 ✦此篇文章由善存品牌贊助。對於善存產品有任何疑問，請撥打消費者免費專線 0800-212-259。PM-TW-CNT-24-00167 股癌傳送門：http://linktr.ee/gooaye -- Hosting provided by SoundOn",other,other-8bf869e0e3,rule
podcast_rss-ef71c60ab2,podcast,https://player.soundon.fm/p/954689a5-3096-43a4-a80b-7810b219cef3/episodes/ef1769de-07ea-44cd-9952-fe36df5c2cc5,2025-10-18T16:39:17+08:00,股癌,EP602 | 🐈‍⬛,EP602 | 🐈‍⬛ 我會怕兒子 現在只要下載 Saily APP，在結帳時輸入優惠代碼 [gooaye]，或透過資訊欄專屬連結： https://saily.com/gooaye，購買方案即享有 85 折的專屬優惠。 #SailyeSIM 股癌傳送門： http://linktr.ee/gooaye -- Hosting provided by SoundOn,EP602 | 🐈‍⬛ 我會怕兒子 現在只要下載 Saily APP，在結帳時輸入優惠代碼 [gooaye]，或透過資訊欄專屬連結： https://saily.com/gooaye，購買方案即享有 85 折的專屬優惠。 #SailyeSIM 股癌傳送門： http://linktr.ee/gooaye -- Hosting provided by SoundOn,other,other-f55abefd89,rule
podcast_rss-76a2c80115,podcast,https://player.soundon.fm/p/954689a5-3096-43a4-a80b-7810b219cef3/episodes/f9d1dfdc-27b3-430b-b919-38cffe0ba9e9,2025-10-15T15:12:24+08:00,股癌,EP601 | 🐜,EP601 | 🐜 G 社示範樣樣精通 本集節目由【NordVPN】贊助 現在搜尋 https://nordvpn.com/gooaye 或結帳時輸入股癌的專屬優惠碼【gooaye】 購買2年方案＋送四個月 一個月只要一杯咖啡的價格就能取得VPN服務 還有30天試用期，不滿意可隨時取消 #NordVPN 股癌傳送門：http://linktr.ee/gooaye -- Hosting provided by SoundOn,EP601 | 🐜 G 社示範樣樣精通 本集節目由【NordVPN】贊助 現在搜尋 https://nordvpn.com/gooaye 或結帳時輸入股癌的專屬優惠碼【gooaye】 購買2年方案＋送四個月 一個月只要一杯咖啡的價格就能取得VPN服務 還有30天試用期，不滿意可隨時取消 #NordVPN 股癌傳送門：http://linktr.ee/gooaye -- Hosting provided by SoundOn,other,other-765b3d3876,rule
podcast_rss-c1beb92d7a,podcast,https://player.soundon.fm/p/954689a5-3096-43a4-a80b-7810b219cef3/episodes/c6410d83-6e9b-4ead-a3cd-7428465487b5,2025-10-11T15:42:22+08:00,股癌,EP600 | 🏕️,"EP600 | 🏕️ 公園人多能互相安撫 最近是否吃飯配工作，三餐常常外食，擔心消化道機能嗎? 善存3效順暢益生菌，好消化、好代謝、給你青春好體質*！ 善存是70年大品牌，推出3效順暢益生菌，「雙專利益生菌、搭配鳳梨酵素」，３效助你養出消化道好環境#。專利代謝菌^，代謝順暢#，大大乾淨，一週養出六倍好菌^。專利青春菌，維持健康，人自然年輕。還有添加鳳梨酵素，水果風味酸甜好入口，面對外在挑戰, 由根本保護健康’！ 另外，善存還有舒眠益生菌，食品級植萃成份，擁有五大晚安因子：添加專利舒眠番紅花*、多國專利益生菌**、GABA***、芝麻素****、色胺酸等，可以幫助放鬆、好入睡！讓你天天吃好安心，想睡就睡、睡醒精神好^^! 好菌天天吃，養成青春好體質。投資財富靠自己，投資健康就讓善存來幫你！ 股癌限定隱藏優惠! 只要10/11-10/13到momo購買 3效順暢益生菌粉末顆粒，2入組直接給你85折! 主委加碼再送你一瓶克補! 舒眠益生菌10/13一日限定價~5入組$6279，再送SOU‧SOU聯名軟式珪藻土地墊 &amp; 善存葉黃素正貨乙瓶唷! (活動詳情依momo網頁公告為主) https://www.momoshop.com.tw/goods/GoodsDetail.jsp?i_code=14456419 *青春美麗，調整體質 #改變細菌叢生態、維持消化道機能、調整體質 ^係指Lactobacillus paracasei、Bifidobacterium lactis、Lactobacillus plantarum之專利 ‘維持消化道機能, 維持健康 *植萃番紅花萃取物 **日本、中華民國、美國、中國 ***麩胺酸發酵物(含GABA) ****芝麻萃取物(含芝麻素) ^^晚上幫助入睡、白天精神旺盛 股癌傳送門：http://linktr.ee/gooaye -- Hosting provided by SoundOn","EP600 | 🏕️ 公園人多能互相安撫 最近是否吃飯配工作，三餐常常外食，擔心消化道機能嗎? 善存3效順暢益生菌，好消化、好代謝、給你青春好體質*！ 善存是70年大品牌，推出3效順暢益生菌，「雙專利益生菌、搭配鳳梨酵素」，３效助你養出消化道好環境#。專利代謝菌^，代謝順暢#，大大乾淨，一週養出六倍好菌^。專利青春菌，維持健康，人自然年輕。還有添加鳳梨酵素，水果風味酸甜好入口，面對外在挑戰, 由根本保護健康’！ 另外，善存還有舒眠益生菌，食品級植萃成份，擁有五大晚安因子：添加專利舒眠番紅花*、多國專利益生菌**、GABA***、芝麻素****、色胺酸等，可以幫助放鬆、好入睡！讓你天天吃好安心，想睡就睡、睡醒精神好^^! 好菌天天吃，養成青春好體質。投資財富靠自己，投資健康就讓善存來幫你！ 股癌限定隱藏優惠! 只要10/11-10/13到momo購買 3效順暢益生菌粉末顆粒，2入組直接給你85折! 主委加碼再送你一瓶克補! 舒眠益生菌10/13一日限定價~5入組$6279，再送SOU‧SOU聯名軟式珪藻土地墊 &amp; 善存葉黃素正貨乙瓶唷! (活動詳情依momo網頁公告為主) https://www.momoshop.com.tw/goods/GoodsDetail.jsp?i_code=14456419 *青春美麗，調整體質 #改變細菌叢生態、維持消化道機能、調整體質 ^係指Lactobacillus paracasei、Bifidobacterium lactis、Lactobacillus plantarum之專利 ‘維持消化道機能, 維持健康 *植萃番紅花萃取物 **日本、中華民國、美國、中國 ***麩胺酸發酵物(含GABA) ****芝麻萃取物(含芝麻素) ^^晚上幫助入睡、白天精神旺盛 股癌傳送門：http://linktr.ee/gooaye -- Hosting provided by SoundOn",other,other-c7d582634f,rule
podcast_rss-a69163d939,podcast,https://player.soundon.fm/p/954689a5-3096-43a4-a80b-7810b219cef3/episodes/3d44d215-15ea-42fb-a552-c83a8cb8764b,2025-10-08T15:40:13+08:00,股癌,EP599 | 🐦‍⬛,EP599 | 🐦‍⬛ 命運共同體 🔥 本集節目由【SHARP 夏普】贊助 https://s.add.one/7pztw8 政府普發一萬，夏普再加碼一萬！ 根本不用等雙11，現在直接開打💥 🌀 全系列家電幾乎通通有 除濕機、空清機、洗衣機、電視、吸塵器、水波爐、電扇、洗脫烘—— 台灣這種鬼天氣的救星都在這。 🎁 活動雙重送 ．滿十萬送一萬全聯禮券（限量100名，送完為止） ．不限金額抽20位再送一萬 ⚡ 必看重點機種： ．除濕＋自動除菌離子 → 空氣魔法機 ．全電壓吹風機＆造型夾 → 沙龍級護髮神器 ．65～99吋 QLED 顯示器 → 打羊蹄山戰鬼爽爆 ．滾筒洗＋熱泵烘衣機 → 榮獲IF設計獎，還送堆疊架 💥 主委愛您專屬優惠 51折起＋滿額再送一萬 https://s.add.one/7pztw8 股癌傳送門：http://linktr.ee/gooaye -- Hosting provided by SoundOn,EP599 | 🐦‍⬛ 命運共同體 🔥 本集節目由【SHARP 夏普】贊助 https://s.add.one/7pztw8 政府普發一萬，夏普再加碼一萬！ 根本不用等雙11，現在直接開打💥 🌀 全系列家電幾乎通通有 除濕機、空清機、洗衣機、電視、吸塵器、水波爐、電扇、洗脫烘—— 台灣這種鬼天氣的救星都在這。 🎁 活動雙重送 ．滿十萬送一萬全聯禮券（限量100名，送完為止） ．不限金額抽20位再送一萬 ⚡ 必看重點機種： ．除濕＋自動除菌離子 → 空氣魔法機 ．全電壓吹風機＆造型夾 → 沙龍級護髮神器 ．65～99吋 QLED 顯示器 → 打羊蹄山戰鬼爽爆 ．滾筒洗＋熱泵烘衣機 → 榮獲IF設計獎，還送堆疊架 💥 主委愛您專屬優惠 51折起＋滿額再送一萬 https://s.add.one/7pztw8 股癌傳送門：http://linktr.ee/gooaye -- Hosting provided by SoundOn,other,other-797c94ca90,rule
podcast_rss-c61f0ce76f,podcast,https://player.soundon.fm/p/954689a5-3096-43a4-a80b-7810b219cef3/episodes/25b5d8d9-e25d-4d82-9580-8668ae881161,2025-10-04T16:48:51+08:00,股癌,EP598 | 🥗,EP598 | 🥗 老 AI 重新拉皮 直男巧虎都愛了🔥一杯10大卡｜魔度台茶氣泡飲➜ https://reurl.cc/GN2mkW 孟恭孟恭你老公放進「健康投資組合」的新標的— 順口、解膩，口感連男性也喝得懂的茶風味🫖 📈投資報酬率，除了資金，健康更重要！ 熬夜盯盤、應酬大餐，代謝開始走下坡 甚至連喝水都覺得會跟氣球一樣越吹越大？ 小心！這可能是「健康資產」被侵蝕的徵兆 不該存在的焦慮，今天該停損了。 2024年被譽為＂斷貨王＂魔度飲 幫畫重點，直接收藏 ✔ 一錠10卡，熱量超低卡 ✔ 無人工添加與農藥殘留 ✔ 輕巧方便包裝，一小管含20錠 ✔ 不受時間地址限制，只要有水都能泡 隨時丟進水裡 #快速補水&amp;解膩 ↓如何選，直接看這裡↓ ✅ 兒茶康普茶_阿里山發酵茶：促進代謝 ✅ 小豆鬚鬚茶_南投金萱茶：有助甩水 ✅ ２代綠原閃閃茶_南投蜜香紅茶：減少罪惡纏身 ✅ 頂香莓莓茶_南投凍頂烏龍：守護女性日常 重點是！廠商給的組合價超划算 就像長期投資拉低單位成本一樣 喝得越持續，效益越明顯。 換算下來一杯不到$30，天天喝也不心痛 💡 首次推出就祭出超狂優惠： 免輸入折扣碼，直接現省破萬，還送４大好禮！ 👉 健康資本該加倉了，現在就是進場時機。 股癌傳送門：http://linktr.ee/gooaye -- Hosting provided by SoundOn,EP598 | 🥗 老 AI 重新拉皮 直男巧虎都愛了🔥一杯10大卡｜魔度台茶氣泡飲➜ https://reurl.cc/GN2mkW 孟恭孟恭你老公放進「健康投資組合」的新標的— 順口、解膩，口感連男性也喝得懂的茶風味🫖 📈投資報酬率，除了資金，健康更重要！ 熬夜盯盤、應酬大餐，代謝開始走下坡 甚至連喝水都覺得會跟氣球一樣越吹越大？ 小心！這可能是「健康資產」被侵蝕的徵兆 不該存在的焦慮，今天該停損了。 2024年被譽為＂斷貨王＂魔度飲 幫畫重點，直接收藏 ✔ 一錠10卡，熱量超低卡 ✔ 無人工添加與農藥殘留 ✔ 輕巧方便包裝，一小管含20錠 ✔ 不受時間地址限制，只要有水都能泡 隨時丟進水裡 #快速補水&amp;解膩 ↓如何選，直接看這裡↓ ✅ 兒茶康普茶_阿里山發酵茶：促進代謝 ✅ 小豆鬚鬚茶_南投金萱茶：有助甩水 ✅ ２代綠原閃閃茶_南投蜜香紅茶：減少罪惡纏身 ✅ 頂香莓莓茶_南投凍頂烏龍：守護女性日常 重點是！廠商給的組合價超划算 就像長期投資拉低單位成本一樣 喝得越持續，效益越明顯。 換算下來一杯不到$30，天天喝也不心痛 💡 首次推出就祭出超狂優惠： 免輸入折扣碼，直接現省破萬，還送４大好禮！ 👉 健康資本該加倉了，現在就是進場時機。 股癌傳送門：http://linktr.ee/gooaye -- Hosting provided by SoundOn,risk_control,risk_control-e486b0a615,rule
podcast_rss-4cbe643e45,podcast,https://player.soundon.fm/p/954689a5-3096-43a4-a80b-7810b219cef3/episodes/de2cf547-d1c5-45c1-b39e-506f285fa084,2025-10-01T16:14:50+08:00,股癌,EP597 | 🦔,EP597 | 🦔 甩轎是怎樣 本集節目由【NordVPN】贊助 現在搜尋 https://nordvpn.com/gooaye 或結帳時輸入股癌的專屬優惠碼【gooaye】 購買2年方案＋送四個月 一個月只要一杯咖啡的價格就能取得VPN服務 還有30天試用期，不滿意可隨時取消 #NordVPN 股癌傳送門： http://linktr.ee/gooaye -- Hosting provided by SoundOn,EP597 | 🦔 甩轎是怎樣 本集節目由【NordVPN】贊助 現在搜尋 https://nordvpn.com/gooaye 或結帳時輸入股癌的專屬優惠碼【gooaye】 購買2年方案＋送四個月 一個月只要一杯咖啡的價格就能取得VPN服務 還有30天試用期，不滿意可隨時取消 #NordVPN 股癌傳送門： http://linktr.ee/gooaye -- Hosting provided by SoundOn,other,other-44a275a131,rule
